project_id,grantee,subgrantee,project_name,year,status,project_lead,other_project_lead,category,sub_category,recovery_domain,goal,project_benefit,watershed,resource
17466,OWEB,NA,NA,2015,complete,NA,NA,Upland,NA,Klamath,improve/increase stream flow,Total acres treated (upland activities),18010203,OWRI: https://tools.oregonexplorer.info/OE_HtmlViewer/Index.html?viewer=owrt
17466,OWEB,NA,NA,2015,complete,NA,NA,Upland,NA,Klamath,decrease erosion/stream sedimentation,Total acres treated (upland activities),18010203,OWRI: https://tools.oregonexplorer.info/OE_HtmlViewer/Index.html?viewer=owrt
17466,OWEB,NA,NA,2015,complete,NA,NA,Upland,NA,Klamath,increase/improve water quality,Total acres treated (upland activities),18010203,OWRI: https://tools.oregonexplorer.info/OE_HtmlViewer/Index.html?viewer=owrt
17487,OWEB,NA,NA,2015,complete,NA,NA,Upland,NA,Klamath,improve/increase stream flow,Total acres treated (upland activities),18010202,OWRI: https://tools.oregonexplorer.info/OE_HtmlViewer/Index.html?viewer=owrt
17487,OWEB,NA,NA,2015,complete,NA,NA,Upland,NA,Klamath,"increase wildlife habitat (vegetation for food, cover, or nesting)",Total acres treated (upland activities),18010202,OWRI: https://tools.oregonexplorer.info/OE_HtmlViewer/Index.html?viewer=owrt
17487,OWEB,NA,NA,2015,complete,NA,NA,Upland,NA,Klamath,increase native plant species composition,Total acres treated (upland activities),18010202,OWRI: https://tools.oregonexplorer.info/OE_HtmlViewer/Index.html?viewer=owrt
17637,OWEB,NA,NA,2015,complete,NA,NA,Upland,NA,Klamath,increase/improve water conservation,Total acres treated (upland activities),18010204,OWRI: https://tools.oregonexplorer.info/OE_HtmlViewer/Index.html?viewer=owrt
18749,OWEB,NA,NA,2015,complete,NA,NA,Upland,NA,Klamath,increase/improve groundwater recharge,Total acres treated (upland activities),18010204,OWRI: https://tools.oregonexplorer.info/OE_HtmlViewer/Index.html?viewer=owrt
18764,OWEB,NA,NA,2015,complete,NA,NA,Upland,NA,Klamath,"increase wildlife habitat (vegetation for food, cover, or nesting)",Total acres treated (upland activities),18010204,OWRI: https://tools.oregonexplorer.info/OE_HtmlViewer/Index.html?viewer=owrt
18764,OWEB,NA,NA,2015,complete,NA,NA,Upland,NA,Klamath,increase/improve groundwater recharge,Total acres treated (upland activities),18010204,OWRI: https://tools.oregonexplorer.info/OE_HtmlViewer/Index.html?viewer=owrt
17705,OWEB,NA,NA,2015,complete,NA,NA,Instream,NA,Klamath,improve/increase stream interaction with floodplain,Total miles of stream treated (instream activities),18010202,OWRI: https://tools.oregonexplorer.info/OE_HtmlViewer/Index.html?viewer=owrt
18721,OWEB,NA,NA,2015,complete,NA,NA,Instream,NA,Klamath,improve/increase stream structure & complexity,Total miles of stream treated (instream activities),18010203,OWRI: https://tools.oregonexplorer.info/OE_HtmlViewer/Index.html?viewer=owrt
18721,OWEB,NA,NA,2015,complete,NA,NA,Instream,NA,Klamath,improve/increase stream gravel recruitment,Total miles of stream treated (instream activities),18010203,OWRI: https://tools.oregonexplorer.info/OE_HtmlViewer/Index.html?viewer=owrt
18721,OWEB,NA,NA,2015,complete,NA,NA,Instream,NA,Klamath,improve/increase stream spawning habitat,Total miles of stream treated (instream activities),18010203,OWRI: https://tools.oregonexplorer.info/OE_HtmlViewer/Index.html?viewer=owrt
18721,OWEB,NA,NA,2015,complete,NA,NA,Instream,NA,Klamath,improve/increase stream rearing habitat,Total miles of stream treated (instream activities),18010203,OWRI: https://tools.oregonexplorer.info/OE_HtmlViewer/Index.html?viewer=owrt
18721,OWEB,NA,NA,2015,complete,NA,NA,Instream,NA,Klamath,improve/increase stream pools,Total miles of stream treated (instream activities),18010203,OWRI: https://tools.oregonexplorer.info/OE_HtmlViewer/Index.html?viewer=owrt
18721,OWEB,NA,NA,2015,complete,NA,NA,Instream,NA,Klamath,improve/increase stream refuge cover,Total miles of stream treated (instream activities),18010203,OWRI: https://tools.oregonexplorer.info/OE_HtmlViewer/Index.html?viewer=owrt
18721,OWEB,NA,NA,2015,complete,NA,NA,Instream,NA,Klamath,increase future LWD recruitment to stream,Total miles of stream treated (instream activities),18010203,OWRI: https://tools.oregonexplorer.info/OE_HtmlViewer/Index.html?viewer=owrt
18721,OWEB,NA,NA,2015,complete,NA,NA,Instream,NA,Klamath,increase/improve aquatic habitat,Total miles of stream treated (instream activities),18010203,OWRI: https://tools.oregonexplorer.info/OE_HtmlViewer/Index.html?viewer=owrt
18721,OWEB,NA,NA,2015,complete,NA,NA,Instream,NA,Klamath,improve/increase stream structure & complexity,Total number of pools expected to be created by channel structure placement treatments,18010203,OWRI: https://tools.oregonexplorer.info/OE_HtmlViewer/Index.html?viewer=owrt
18721,OWEB,NA,NA,2015,complete,NA,NA,Instream,NA,Klamath,improve/increase stream gravel recruitment,Total number of pools expected to be created by channel structure placement treatments,18010203,OWRI: https://tools.oregonexplorer.info/OE_HtmlViewer/Index.html?viewer=owrt
18721,OWEB,NA,NA,2015,complete,NA,NA,Instream,NA,Klamath,improve/increase stream spawning habitat,Total number of pools expected to be created by channel structure placement treatments,18010203,OWRI: https://tools.oregonexplorer.info/OE_HtmlViewer/Index.html?viewer=owrt
18721,OWEB,NA,NA,2015,complete,NA,NA,Instream,NA,Klamath,improve/increase stream rearing habitat,Total number of pools expected to be created by channel structure placement treatments,18010203,OWRI: https://tools.oregonexplorer.info/OE_HtmlViewer/Index.html?viewer=owrt
18721,OWEB,NA,NA,2015,complete,NA,NA,Instream,NA,Klamath,improve/increase stream pools,Total number of pools expected to be created by channel structure placement treatments,18010203,OWRI: https://tools.oregonexplorer.info/OE_HtmlViewer/Index.html?viewer=owrt
18721,OWEB,NA,NA,2015,complete,NA,NA,Instream,NA,Klamath,improve/increase stream refuge cover,Total number of pools expected to be created by channel structure placement treatments,18010203,OWRI: https://tools.oregonexplorer.info/OE_HtmlViewer/Index.html?viewer=owrt
18721,OWEB,NA,NA,2015,complete,NA,NA,Instream,NA,Klamath,increase future LWD recruitment to stream,Total number of pools expected to be created by channel structure placement treatments,18010203,OWRI: https://tools.oregonexplorer.info/OE_HtmlViewer/Index.html?viewer=owrt
18721,OWEB,NA,NA,2015,complete,NA,NA,Instream,NA,Klamath,increase/improve aquatic habitat,Total number of pools expected to be created by channel structure placement treatments,18010203,OWRI: https://tools.oregonexplorer.info/OE_HtmlViewer/Index.html?viewer=owrt
18721,OWEB,NA,NA,2015,complete,NA,NA,Instream,NA,Klamath,improve/increase stream structure & complexity,Total number of habitat structures placed in channel,18010203,OWRI: https://tools.oregonexplorer.info/OE_HtmlViewer/Index.html?viewer=owrt
18721,OWEB,NA,NA,2015,complete,NA,NA,Instream,NA,Klamath,improve/increase stream gravel recruitment,Total number of habitat structures placed in channel,18010203,OWRI: https://tools.oregonexplorer.info/OE_HtmlViewer/Index.html?viewer=owrt
18721,OWEB,NA,NA,2015,complete,NA,NA,Instream,NA,Klamath,improve/increase stream spawning habitat,Total number of habitat structures placed in channel,18010203,OWRI: https://tools.oregonexplorer.info/OE_HtmlViewer/Index.html?viewer=owrt
18721,OWEB,NA,NA,2015,complete,NA,NA,Instream,NA,Klamath,improve/increase stream rearing habitat,Total number of habitat structures placed in channel,18010203,OWRI: https://tools.oregonexplorer.info/OE_HtmlViewer/Index.html?viewer=owrt
18721,OWEB,NA,NA,2015,complete,NA,NA,Instream,NA,Klamath,improve/increase stream pools,Total number of habitat structures placed in channel,18010203,OWRI: https://tools.oregonexplorer.info/OE_HtmlViewer/Index.html?viewer=owrt
18721,OWEB,NA,NA,2015,complete,NA,NA,Instream,NA,Klamath,improve/increase stream refuge cover,Total number of habitat structures placed in channel,18010203,OWRI: https://tools.oregonexplorer.info/OE_HtmlViewer/Index.html?viewer=owrt
18721,OWEB,NA,NA,2015,complete,NA,NA,Instream,NA,Klamath,increase future LWD recruitment to stream,Total number of habitat structures placed in channel,18010203,OWRI: https://tools.oregonexplorer.info/OE_HtmlViewer/Index.html?viewer=owrt
18721,OWEB,NA,NA,2015,complete,NA,NA,Instream,NA,Klamath,increase/improve aquatic habitat,Total number of habitat structures placed in channel,18010203,OWRI: https://tools.oregonexplorer.info/OE_HtmlViewer/Index.html?viewer=owrt
18938,OWEB,NA,NA,2016,complete,NA,NA,Upland,NA,Klamath,decrease erosion/stream sedimentation,Total acres treated (upland activities),18010204,OWRI: https://tools.oregonexplorer.info/OE_HtmlViewer/Index.html?viewer=owrt
18938,OWEB,NA,NA,2016,complete,NA,NA,Upland,NA,Klamath,decrease run-off contaminant input,Total acres treated (upland activities),18010204,OWRI: https://tools.oregonexplorer.info/OE_HtmlViewer/Index.html?viewer=owrt
18938,OWEB,NA,NA,2016,complete,NA,NA,Upland,NA,Klamath,increase/improve water conservation,Total acres treated (upland activities),18010204,OWRI: https://tools.oregonexplorer.info/OE_HtmlViewer/Index.html?viewer=owrt
18938,OWEB,NA,NA,2016,complete,NA,NA,Upland,NA,Klamath,increase/improve water quality,Total acres treated (upland activities),18010204,OWRI: https://tools.oregonexplorer.info/OE_HtmlViewer/Index.html?viewer=owrt
19007,OWEB,NA,NA,2016,complete,NA,NA,Upland,NA,Klamath,decrease erosion/stream sedimentation,Total acres treated (upland activities),18010204,OWRI: https://tools.oregonexplorer.info/OE_HtmlViewer/Index.html?viewer=owrt
19007,OWEB,NA,NA,2016,complete,NA,NA,Upland,NA,Klamath,increase/improve water conservation,Total acres treated (upland activities),18010204,OWRI: https://tools.oregonexplorer.info/OE_HtmlViewer/Index.html?viewer=owrt
19007,OWEB,NA,NA,2016,complete,NA,NA,Upland,NA,Klamath,increase/improve water quality,Total acres treated (upland activities),18010204,OWRI: https://tools.oregonexplorer.info/OE_HtmlViewer/Index.html?viewer=owrt
19054,OWEB,NA,NA,2016,complete,NA,NA,Upland,NA,Klamath,decrease erosion/stream sedimentation,Total acres treated (upland activities),18010204,OWRI: https://tools.oregonexplorer.info/OE_HtmlViewer/Index.html?viewer=owrt
19054,OWEB,NA,NA,2016,complete,NA,NA,Upland,NA,Klamath,increase/improve water conservation,Total acres treated (upland activities),18010204,OWRI: https://tools.oregonexplorer.info/OE_HtmlViewer/Index.html?viewer=owrt
19054,OWEB,NA,NA,2016,complete,NA,NA,Upland,NA,Klamath,increase/improve water quality,Total acres treated (upland activities),18010204,OWRI: https://tools.oregonexplorer.info/OE_HtmlViewer/Index.html?viewer=owrt
19131,OWEB,NA,NA,2015,complete,NA,NA,Fish Passage,NA,Klamath,improve/increase fish passage,Total number of road/stream crossings improved for fish passage,18010203,OWRI: https://tools.oregonexplorer.info/OE_HtmlViewer/Index.html?viewer=owrt
19131,OWEB,NA,NA,2015,complete,NA,NA,Fish Passage,NA,Klamath,improve/increase fish passage,Miles of habitat opened- previously inaccessible for both adults and juveniles,18010203,OWRI: https://tools.oregonexplorer.info/OE_HtmlViewer/Index.html?viewer=owrt
19131,OWEB,NA,NA,2015,complete,NA,NA,Fish Passage,NA,Klamath,improve/increase fish passage,Total miles of fish habitat made accessible due to road/stream crossing improvements (e.g. improveme,18010203,OWRI: https://tools.oregonexplorer.info/OE_HtmlViewer/Index.html?viewer=owrt
17708,OWEB,NA,NA,2015,complete,NA,NA,Riparian,NA,Klamath,improve/increase stream spawning habitat,Total linear stream miles treated (riparian activities),18010202,OWRI: https://tools.oregonexplorer.info/OE_HtmlViewer/Index.html?viewer=owrt
17708,OWEB,NA,NA,2015,complete,NA,NA,Riparian,NA,Klamath,improve/increase stream rearing habitat,Total linear stream miles treated (riparian activities),18010202,OWRI: https://tools.oregonexplorer.info/OE_HtmlViewer/Index.html?viewer=owrt
17708,OWEB,NA,NA,2015,complete,NA,NA,Riparian,NA,Klamath,improve/increase stream cool water habitat,Total linear stream miles treated (riparian activities),18010202,OWRI: https://tools.oregonexplorer.info/OE_HtmlViewer/Index.html?viewer=owrt
17708,OWEB,NA,NA,2015,complete,NA,NA,Riparian,NA,Klamath,increase future stream shading/increase vegetation to provide shade,Total linear stream miles treated (riparian activities),18010202,OWRI: https://tools.oregonexplorer.info/OE_HtmlViewer/Index.html?viewer=owrt
17708,OWEB,NA,NA,2015,complete,NA,NA,Riparian,NA,Klamath,increase streambank stabilization/protection,Total linear stream miles treated (riparian activities),18010202,OWRI: https://tools.oregonexplorer.info/OE_HtmlViewer/Index.html?viewer=owrt
17708,OWEB,NA,NA,2015,complete,NA,NA,Riparian,NA,Klamath,decrease erosion/stream sedimentation,Total linear stream miles treated (riparian activities),18010202,OWRI: https://tools.oregonexplorer.info/OE_HtmlViewer/Index.html?viewer=owrt
17708,OWEB,NA,NA,2015,complete,NA,NA,Riparian,NA,Klamath,decrease livestock access to stream,Total linear stream miles treated (riparian activities),18010202,OWRI: https://tools.oregonexplorer.info/OE_HtmlViewer/Index.html?viewer=owrt
17708,OWEB,NA,NA,2015,complete,NA,NA,Riparian,NA,Klamath,increase native plant species composition,Total linear stream miles treated (riparian activities),18010202,OWRI: https://tools.oregonexplorer.info/OE_HtmlViewer/Index.html?viewer=owrt
17708,OWEB,NA,NA,2015,complete,NA,NA,Riparian,NA,Klamath,decrease washout/diversion potential at stream crossings,Total linear stream miles treated (riparian activities),18010202,OWRI: https://tools.oregonexplorer.info/OE_HtmlViewer/Index.html?viewer=owrt
17708,OWEB,NA,NA,2015,complete,NA,NA,Riparian,NA,Klamath,increase/improve water quality,Total linear stream miles treated (riparian activities),18010202,OWRI: https://tools.oregonexplorer.info/OE_HtmlViewer/Index.html?viewer=owrt
17708,OWEB,NA,NA,2015,complete,NA,NA,Riparian,NA,Klamath,provide fish protection (e.g. by screening diversions),Total linear stream miles treated (riparian activities),18010202,OWRI: https://tools.oregonexplorer.info/OE_HtmlViewer/Index.html?viewer=owrt
17708,OWEB,NA,NA,2015,complete,NA,NA,Riparian,NA,Klamath,improve/increase stream spawning habitat,Total acres treated (riparian activities),18010202,OWRI: https://tools.oregonexplorer.info/OE_HtmlViewer/Index.html?viewer=owrt
17708,OWEB,NA,NA,2015,complete,NA,NA,Riparian,NA,Klamath,improve/increase stream rearing habitat,Total acres treated (riparian activities),18010202,OWRI: https://tools.oregonexplorer.info/OE_HtmlViewer/Index.html?viewer=owrt
17708,OWEB,NA,NA,2015,complete,NA,NA,Riparian,NA,Klamath,improve/increase stream cool water habitat,Total acres treated (riparian activities),18010202,OWRI: https://tools.oregonexplorer.info/OE_HtmlViewer/Index.html?viewer=owrt
17708,OWEB,NA,NA,2015,complete,NA,NA,Riparian,NA,Klamath,increase future stream shading/increase vegetation to provide shade,Total acres treated (riparian activities),18010202,OWRI: https://tools.oregonexplorer.info/OE_HtmlViewer/Index.html?viewer=owrt
17708,OWEB,NA,NA,2015,complete,NA,NA,Riparian,NA,Klamath,increase streambank stabilization/protection,Total acres treated (riparian activities),18010202,OWRI: https://tools.oregonexplorer.info/OE_HtmlViewer/Index.html?viewer=owrt
17708,OWEB,NA,NA,2015,complete,NA,NA,Riparian,NA,Klamath,decrease erosion/stream sedimentation,Total acres treated (riparian activities),18010202,OWRI: https://tools.oregonexplorer.info/OE_HtmlViewer/Index.html?viewer=owrt
17708,OWEB,NA,NA,2015,complete,NA,NA,Riparian,NA,Klamath,decrease livestock access to stream,Total acres treated (riparian activities),18010202,OWRI: https://tools.oregonexplorer.info/OE_HtmlViewer/Index.html?viewer=owrt
17708,OWEB,NA,NA,2015,complete,NA,NA,Riparian,NA,Klamath,increase native plant species composition,Total acres treated (riparian activities),18010202,OWRI: https://tools.oregonexplorer.info/OE_HtmlViewer/Index.html?viewer=owrt
17708,OWEB,NA,NA,2015,complete,NA,NA,Riparian,NA,Klamath,decrease washout/diversion potential at stream crossings,Total acres treated (riparian activities),18010202,OWRI: https://tools.oregonexplorer.info/OE_HtmlViewer/Index.html?viewer=owrt
17708,OWEB,NA,NA,2015,complete,NA,NA,Riparian,NA,Klamath,increase/improve water quality,Total acres treated (riparian activities),18010202,OWRI: https://tools.oregonexplorer.info/OE_HtmlViewer/Index.html?viewer=owrt
17708,OWEB,NA,NA,2015,complete,NA,NA,Riparian,NA,Klamath,provide fish protection (e.g. by screening diversions),Total acres treated (riparian activities),18010202,OWRI: https://tools.oregonexplorer.info/OE_HtmlViewer/Index.html?viewer=owrt
17708,OWEB,NA,NA,2015,complete,NA,NA,Upland,NA,Klamath,improve/increase stream spawning habitat,Total acres treated (upland activities),18010202,OWRI: https://tools.oregonexplorer.info/OE_HtmlViewer/Index.html?viewer=owrt
17708,OWEB,NA,NA,2015,complete,NA,NA,Upland,NA,Klamath,improve/increase stream rearing habitat,Total acres treated (upland activities),18010202,OWRI: https://tools.oregonexplorer.info/OE_HtmlViewer/Index.html?viewer=owrt
17708,OWEB,NA,NA,2015,complete,NA,NA,Upland,NA,Klamath,improve/increase stream cool water habitat,Total acres treated (upland activities),18010202,OWRI: https://tools.oregonexplorer.info/OE_HtmlViewer/Index.html?viewer=owrt
17708,OWEB,NA,NA,2015,complete,NA,NA,Upland,NA,Klamath,increase future stream shading/increase vegetation to provide shade,Total acres treated (upland activities),18010202,OWRI: https://tools.oregonexplorer.info/OE_HtmlViewer/Index.html?viewer=owrt
17708,OWEB,NA,NA,2015,complete,NA,NA,Upland,NA,Klamath,increase streambank stabilization/protection,Total acres treated (upland activities),18010202,OWRI: https://tools.oregonexplorer.info/OE_HtmlViewer/Index.html?viewer=owrt
17708,OWEB,NA,NA,2015,complete,NA,NA,Upland,NA,Klamath,decrease erosion/stream sedimentation,Total acres treated (upland activities),18010202,OWRI: https://tools.oregonexplorer.info/OE_HtmlViewer/Index.html?viewer=owrt
17708,OWEB,NA,NA,2015,complete,NA,NA,Upland,NA,Klamath,decrease livestock access to stream,Total acres treated (upland activities),18010202,OWRI: https://tools.oregonexplorer.info/OE_HtmlViewer/Index.html?viewer=owrt
17708,OWEB,NA,NA,2015,complete,NA,NA,Upland,NA,Klamath,increase native plant species composition,Total acres treated (upland activities),18010202,OWRI: https://tools.oregonexplorer.info/OE_HtmlViewer/Index.html?viewer=owrt
17708,OWEB,NA,NA,2015,complete,NA,NA,Upland,NA,Klamath,decrease washout/diversion potential at stream crossings,Total acres treated (upland activities),18010202,OWRI: https://tools.oregonexplorer.info/OE_HtmlViewer/Index.html?viewer=owrt
17708,OWEB,NA,NA,2015,complete,NA,NA,Upland,NA,Klamath,increase/improve water quality,Total acres treated (upland activities),18010202,OWRI: https://tools.oregonexplorer.info/OE_HtmlViewer/Index.html?viewer=owrt
17708,OWEB,NA,NA,2015,complete,NA,NA,Upland,NA,Klamath,provide fish protection (e.g. by screening diversions),Total acres treated (upland activities),18010202,OWRI: https://tools.oregonexplorer.info/OE_HtmlViewer/Index.html?viewer=owrt
19160,OWEB,NA,NA,2016,complete,NA,NA,Upland,NA,Klamath,decrease erosion/stream sedimentation,Total acres treated (upland activities),18010204,OWRI: https://tools.oregonexplorer.info/OE_HtmlViewer/Index.html?viewer=owrt
19160,OWEB,NA,NA,2016,complete,NA,NA,Upland,NA,Klamath,decrease livestock access to stream,Total acres treated (upland activities),18010204,OWRI: https://tools.oregonexplorer.info/OE_HtmlViewer/Index.html?viewer=owrt
19160,OWEB,NA,NA,2016,complete,NA,NA,Upland,NA,Klamath,increase/improve water quality,Total acres treated (upland activities),18010204,OWRI: https://tools.oregonexplorer.info/OE_HtmlViewer/Index.html?viewer=owrt
19243,OWEB,NA,NA,2016,complete,NA,NA,Instream Flow,NA,Klamath,improve/increase stream flow,Total water flow acquired,18010202,OWRI: https://tools.oregonexplorer.info/OE_HtmlViewer/Index.html?viewer=owrt
19243,OWEB,NA,NA,2016,complete,NA,NA,Instream Flow,NA,Klamath,improve/increase stream flow,Total stream miles protected for adequate flow,18010202,OWRI: https://tools.oregonexplorer.info/OE_HtmlViewer/Index.html?viewer=owrt
19244,OWEB,NA,NA,2016,complete,NA,NA,Instream Flow,NA,Klamath,improve/increase stream flow,Total water flow acquired,18010202,OWRI: https://tools.oregonexplorer.info/OE_HtmlViewer/Index.html?viewer=owrt
19244,OWEB,NA,NA,2016,complete,NA,NA,Instream Flow,NA,Klamath,improve/increase stream flow,Total stream miles protected for adequate flow,18010202,OWRI: https://tools.oregonexplorer.info/OE_HtmlViewer/Index.html?viewer=owrt
19265,OWEB,NA,NA,2016,complete,NA,NA,Riparian,NA,Klamath,increase future stream shading/increase vegetation to provide shade,Total linear stream miles treated (riparian activities),18010204,OWRI: https://tools.oregonexplorer.info/OE_HtmlViewer/Index.html?viewer=owrt
19265,OWEB,NA,NA,2016,complete,NA,NA,Riparian,NA,Klamath,increase streambank stabilization/protection,Total linear stream miles treated (riparian activities),18010204,OWRI: https://tools.oregonexplorer.info/OE_HtmlViewer/Index.html?viewer=owrt
19265,OWEB,NA,NA,2016,complete,NA,NA,Riparian,NA,Klamath,decrease erosion/stream sedimentation,Total linear stream miles treated (riparian activities),18010204,OWRI: https://tools.oregonexplorer.info/OE_HtmlViewer/Index.html?viewer=owrt
19265,OWEB,NA,NA,2016,complete,NA,NA,Riparian,NA,Klamath,decrease run-off contaminant input,Total linear stream miles treated (riparian activities),18010204,OWRI: https://tools.oregonexplorer.info/OE_HtmlViewer/Index.html?viewer=owrt
19265,OWEB,NA,NA,2016,complete,NA,NA,Riparian,NA,Klamath,decrease livestock access to stream,Total linear stream miles treated (riparian activities),18010204,OWRI: https://tools.oregonexplorer.info/OE_HtmlViewer/Index.html?viewer=owrt
19265,OWEB,NA,NA,2016,complete,NA,NA,Riparian,NA,Klamath,increase vegetation to filter runoff,Total linear stream miles treated (riparian activities),18010204,OWRI: https://tools.oregonexplorer.info/OE_HtmlViewer/Index.html?viewer=owrt
19265,OWEB,NA,NA,2016,complete,NA,NA,Riparian,NA,Klamath,increase/improve water quality,Total linear stream miles treated (riparian activities),18010204,OWRI: https://tools.oregonexplorer.info/OE_HtmlViewer/Index.html?viewer=owrt
19265,OWEB,NA,NA,2016,complete,NA,NA,Riparian,NA,Klamath,increase future stream shading/increase vegetation to provide shade,Total acres treated (riparian activities),18010204,OWRI: https://tools.oregonexplorer.info/OE_HtmlViewer/Index.html?viewer=owrt
19265,OWEB,NA,NA,2016,complete,NA,NA,Riparian,NA,Klamath,increase streambank stabilization/protection,Total acres treated (riparian activities),18010204,OWRI: https://tools.oregonexplorer.info/OE_HtmlViewer/Index.html?viewer=owrt
19265,OWEB,NA,NA,2016,complete,NA,NA,Riparian,NA,Klamath,decrease erosion/stream sedimentation,Total acres treated (riparian activities),18010204,OWRI: https://tools.oregonexplorer.info/OE_HtmlViewer/Index.html?viewer=owrt
19265,OWEB,NA,NA,2016,complete,NA,NA,Riparian,NA,Klamath,decrease run-off contaminant input,Total acres treated (riparian activities),18010204,OWRI: https://tools.oregonexplorer.info/OE_HtmlViewer/Index.html?viewer=owrt
19265,OWEB,NA,NA,2016,complete,NA,NA,Riparian,NA,Klamath,decrease livestock access to stream,Total acres treated (riparian activities),18010204,OWRI: https://tools.oregonexplorer.info/OE_HtmlViewer/Index.html?viewer=owrt
19265,OWEB,NA,NA,2016,complete,NA,NA,Riparian,NA,Klamath,increase vegetation to filter runoff,Total acres treated (riparian activities),18010204,OWRI: https://tools.oregonexplorer.info/OE_HtmlViewer/Index.html?viewer=owrt
19265,OWEB,NA,NA,2016,complete,NA,NA,Riparian,NA,Klamath,increase/improve water quality,Total acres treated (riparian activities),18010204,OWRI: https://tools.oregonexplorer.info/OE_HtmlViewer/Index.html?viewer=owrt
19151,OWEB,NA,NA,2016,complete,NA,NA,Upland,NA,Klamath,"increase wildlife habitat (vegetation for food, cover, or nesting)",Total acres treated (upland activities),18010204,OWRI: https://tools.oregonexplorer.info/OE_HtmlViewer/Index.html?viewer=owrt
19151,OWEB,NA,NA,2016,complete,NA,NA,Upland,NA,Klamath,increase upland water storage capacity,Total acres treated (upland activities),18010204,OWRI: https://tools.oregonexplorer.info/OE_HtmlViewer/Index.html?viewer=owrt
19248,OWEB,NA,NA,2016,complete,NA,NA,Instream,NA,Klamath,improve/increase stream structure & complexity,Total miles of stream treated (instream activities),18010201,OWRI: https://tools.oregonexplorer.info/OE_HtmlViewer/Index.html?viewer=owrt
19248,OWEB,NA,NA,2016,complete,NA,NA,Instream,NA,Klamath,improve/increase stream rearing habitat,Total miles of stream treated (instream activities),18010201,OWRI: https://tools.oregonexplorer.info/OE_HtmlViewer/Index.html?viewer=owrt
19248,OWEB,NA,NA,2016,complete,NA,NA,Instream,NA,Klamath,improve/increase stream pools,Total miles of stream treated (instream activities),18010201,OWRI: https://tools.oregonexplorer.info/OE_HtmlViewer/Index.html?viewer=owrt
19248,OWEB,NA,NA,2016,complete,NA,NA,Instream,NA,Klamath,improve/increase stream refuge cover,Total miles of stream treated (instream activities),18010201,OWRI: https://tools.oregonexplorer.info/OE_HtmlViewer/Index.html?viewer=owrt
19248,OWEB,NA,NA,2016,complete,NA,NA,Instream,NA,Klamath,increase future LWD recruitment to stream,Total miles of stream treated (instream activities),18010201,OWRI: https://tools.oregonexplorer.info/OE_HtmlViewer/Index.html?viewer=owrt
19248,OWEB,NA,NA,2016,complete,NA,NA,Instream,NA,Klamath,increase future stream shading/increase vegetation to provide shade,Total miles of stream treated (instream activities),18010201,OWRI: https://tools.oregonexplorer.info/OE_HtmlViewer/Index.html?viewer=owrt
19248,OWEB,NA,NA,2016,complete,NA,NA,Instream,NA,Klamath,increase/improve water quality,Total miles of stream treated (instream activities),18010201,OWRI: https://tools.oregonexplorer.info/OE_HtmlViewer/Index.html?viewer=owrt
19248,OWEB,NA,NA,2016,complete,NA,NA,Instream,NA,Klamath,increase/improve aquatic habitat,Total miles of stream treated (instream activities),18010201,OWRI: https://tools.oregonexplorer.info/OE_HtmlViewer/Index.html?viewer=owrt
19248,OWEB,NA,NA,2016,complete,NA,NA,Instream,NA,Klamath,improve/increase stream structure & complexity,Total number of pools expected to be created by channel structure placement treatments,18010201,OWRI: https://tools.oregonexplorer.info/OE_HtmlViewer/Index.html?viewer=owrt
19248,OWEB,NA,NA,2016,complete,NA,NA,Instream,NA,Klamath,improve/increase stream rearing habitat,Total number of pools expected to be created by channel structure placement treatments,18010201,OWRI: https://tools.oregonexplorer.info/OE_HtmlViewer/Index.html?viewer=owrt
19248,OWEB,NA,NA,2016,complete,NA,NA,Instream,NA,Klamath,improve/increase stream pools,Total number of pools expected to be created by channel structure placement treatments,18010201,OWRI: https://tools.oregonexplorer.info/OE_HtmlViewer/Index.html?viewer=owrt
19248,OWEB,NA,NA,2016,complete,NA,NA,Instream,NA,Klamath,improve/increase stream refuge cover,Total number of pools expected to be created by channel structure placement treatments,18010201,OWRI: https://tools.oregonexplorer.info/OE_HtmlViewer/Index.html?viewer=owrt
19248,OWEB,NA,NA,2016,complete,NA,NA,Instream,NA,Klamath,increase future LWD recruitment to stream,Total number of pools expected to be created by channel structure placement treatments,18010201,OWRI: https://tools.oregonexplorer.info/OE_HtmlViewer/Index.html?viewer=owrt
19248,OWEB,NA,NA,2016,complete,NA,NA,Instream,NA,Klamath,increase future stream shading/increase vegetation to provide shade,Total number of pools expected to be created by channel structure placement treatments,18010201,OWRI: https://tools.oregonexplorer.info/OE_HtmlViewer/Index.html?viewer=owrt
19248,OWEB,NA,NA,2016,complete,NA,NA,Instream,NA,Klamath,increase/improve water quality,Total number of pools expected to be created by channel structure placement treatments,18010201,OWRI: https://tools.oregonexplorer.info/OE_HtmlViewer/Index.html?viewer=owrt
19248,OWEB,NA,NA,2016,complete,NA,NA,Instream,NA,Klamath,increase/improve aquatic habitat,Total number of pools expected to be created by channel structure placement treatments,18010201,OWRI: https://tools.oregonexplorer.info/OE_HtmlViewer/Index.html?viewer=owrt
19248,OWEB,NA,NA,2016,complete,NA,NA,Instream,NA,Klamath,improve/increase stream structure & complexity,Total number of habitat structures placed in channel,18010201,OWRI: https://tools.oregonexplorer.info/OE_HtmlViewer/Index.html?viewer=owrt
19248,OWEB,NA,NA,2016,complete,NA,NA,Instream,NA,Klamath,improve/increase stream rearing habitat,Total number of habitat structures placed in channel,18010201,OWRI: https://tools.oregonexplorer.info/OE_HtmlViewer/Index.html?viewer=owrt
19248,OWEB,NA,NA,2016,complete,NA,NA,Instream,NA,Klamath,improve/increase stream pools,Total number of habitat structures placed in channel,18010201,OWRI: https://tools.oregonexplorer.info/OE_HtmlViewer/Index.html?viewer=owrt
19248,OWEB,NA,NA,2016,complete,NA,NA,Instream,NA,Klamath,improve/increase stream refuge cover,Total number of habitat structures placed in channel,18010201,OWRI: https://tools.oregonexplorer.info/OE_HtmlViewer/Index.html?viewer=owrt
19248,OWEB,NA,NA,2016,complete,NA,NA,Instream,NA,Klamath,increase future LWD recruitment to stream,Total number of habitat structures placed in channel,18010201,OWRI: https://tools.oregonexplorer.info/OE_HtmlViewer/Index.html?viewer=owrt
19248,OWEB,NA,NA,2016,complete,NA,NA,Instream,NA,Klamath,increase future stream shading/increase vegetation to provide shade,Total number of habitat structures placed in channel,18010201,OWRI: https://tools.oregonexplorer.info/OE_HtmlViewer/Index.html?viewer=owrt
19248,OWEB,NA,NA,2016,complete,NA,NA,Instream,NA,Klamath,increase/improve water quality,Total number of habitat structures placed in channel,18010201,OWRI: https://tools.oregonexplorer.info/OE_HtmlViewer/Index.html?viewer=owrt
19248,OWEB,NA,NA,2016,complete,NA,NA,Instream,NA,Klamath,increase/improve aquatic habitat,Total number of habitat structures placed in channel,18010201,OWRI: https://tools.oregonexplorer.info/OE_HtmlViewer/Index.html?viewer=owrt
19322,OWEB,NA,NA,2016,complete,NA,NA,Riparian,NA,Klamath,increase future stream shading/increase vegetation to provide shade,Total linear stream miles treated (riparian activities),18010202,OWRI: https://tools.oregonexplorer.info/OE_HtmlViewer/Index.html?viewer=owrt
19322,OWEB,NA,NA,2016,complete,NA,NA,Riparian,NA,Klamath,increase streambank stabilization/protection,Total linear stream miles treated (riparian activities),18010202,OWRI: https://tools.oregonexplorer.info/OE_HtmlViewer/Index.html?viewer=owrt
19322,OWEB,NA,NA,2016,complete,NA,NA,Riparian,NA,Klamath,decrease erosion/stream sedimentation,Total linear stream miles treated (riparian activities),18010202,OWRI: https://tools.oregonexplorer.info/OE_HtmlViewer/Index.html?viewer=owrt
19322,OWEB,NA,NA,2016,complete,NA,NA,Riparian,NA,Klamath,decrease run-off contaminant input,Total linear stream miles treated (riparian activities),18010202,OWRI: https://tools.oregonexplorer.info/OE_HtmlViewer/Index.html?viewer=owrt
19322,OWEB,NA,NA,2016,complete,NA,NA,Riparian,NA,Klamath,decrease stream temperature,Total linear stream miles treated (riparian activities),18010202,OWRI: https://tools.oregonexplorer.info/OE_HtmlViewer/Index.html?viewer=owrt
19322,OWEB,NA,NA,2016,complete,NA,NA,Riparian,NA,Klamath,increase native plant species composition,Total linear stream miles treated (riparian activities),18010202,OWRI: https://tools.oregonexplorer.info/OE_HtmlViewer/Index.html?viewer=owrt
19322,OWEB,NA,NA,2016,complete,NA,NA,Riparian,NA,Klamath,increase/improve water quality,Total linear stream miles treated (riparian activities),18010202,OWRI: https://tools.oregonexplorer.info/OE_HtmlViewer/Index.html?viewer=owrt
19322,OWEB,NA,NA,2016,complete,NA,NA,Riparian,NA,Klamath,increase future stream shading/increase vegetation to provide shade,Total acres treated (riparian activities),18010202,OWRI: https://tools.oregonexplorer.info/OE_HtmlViewer/Index.html?viewer=owrt
19322,OWEB,NA,NA,2016,complete,NA,NA,Riparian,NA,Klamath,increase streambank stabilization/protection,Total acres treated (riparian activities),18010202,OWRI: https://tools.oregonexplorer.info/OE_HtmlViewer/Index.html?viewer=owrt
19322,OWEB,NA,NA,2016,complete,NA,NA,Riparian,NA,Klamath,decrease erosion/stream sedimentation,Total acres treated (riparian activities),18010202,OWRI: https://tools.oregonexplorer.info/OE_HtmlViewer/Index.html?viewer=owrt
19322,OWEB,NA,NA,2016,complete,NA,NA,Riparian,NA,Klamath,decrease run-off contaminant input,Total acres treated (riparian activities),18010202,OWRI: https://tools.oregonexplorer.info/OE_HtmlViewer/Index.html?viewer=owrt
19322,OWEB,NA,NA,2016,complete,NA,NA,Riparian,NA,Klamath,decrease stream temperature,Total acres treated (riparian activities),18010202,OWRI: https://tools.oregonexplorer.info/OE_HtmlViewer/Index.html?viewer=owrt
19322,OWEB,NA,NA,2016,complete,NA,NA,Riparian,NA,Klamath,increase native plant species composition,Total acres treated (riparian activities),18010202,OWRI: https://tools.oregonexplorer.info/OE_HtmlViewer/Index.html?viewer=owrt
19322,OWEB,NA,NA,2016,complete,NA,NA,Riparian,NA,Klamath,increase/improve water quality,Total acres treated (riparian activities),18010202,OWRI: https://tools.oregonexplorer.info/OE_HtmlViewer/Index.html?viewer=owrt
19325,OWEB,NA,NA,2015,complete,NA,NA,Instream,NA,Klamath,improve/increase stream structure & complexity,Total miles of stream treated (instream activities),18010202,OWRI: https://tools.oregonexplorer.info/OE_HtmlViewer/Index.html?viewer=owrt
19325,OWEB,NA,NA,2015,complete,NA,NA,Instream,NA,Klamath,improve/increase stream interaction with floodplain,Total miles of stream treated (instream activities),18010202,OWRI: https://tools.oregonexplorer.info/OE_HtmlViewer/Index.html?viewer=owrt
19325,OWEB,NA,NA,2015,complete,NA,NA,Instream,NA,Klamath,improve/increase stream flow,Total miles of stream treated (instream activities),18010202,OWRI: https://tools.oregonexplorer.info/OE_HtmlViewer/Index.html?viewer=owrt
19325,OWEB,NA,NA,2015,complete,NA,NA,Instream,NA,Klamath,improve/increase fish passage,Total miles of stream treated (instream activities),18010202,OWRI: https://tools.oregonexplorer.info/OE_HtmlViewer/Index.html?viewer=owrt
19325,OWEB,NA,NA,2015,complete,NA,NA,Instream,NA,Klamath,improve/increase stream summer habitat,Total miles of stream treated (instream activities),18010202,OWRI: https://tools.oregonexplorer.info/OE_HtmlViewer/Index.html?viewer=owrt
19325,OWEB,NA,NA,2015,complete,NA,NA,Instream,NA,Klamath,increase future stream shading/increase vegetation to provide shade,Total miles of stream treated (instream activities),18010202,OWRI: https://tools.oregonexplorer.info/OE_HtmlViewer/Index.html?viewer=owrt
19325,OWEB,NA,NA,2015,complete,NA,NA,Instream,NA,Klamath,increase streambank stabilization/protection,Total miles of stream treated (instream activities),18010202,OWRI: https://tools.oregonexplorer.info/OE_HtmlViewer/Index.html?viewer=owrt
19325,OWEB,NA,NA,2015,complete,NA,NA,Instream,NA,Klamath,decrease stream temperature,Total miles of stream treated (instream activities),18010202,OWRI: https://tools.oregonexplorer.info/OE_HtmlViewer/Index.html?viewer=owrt
19325,OWEB,NA,NA,2015,complete,NA,NA,Instream,NA,Klamath,"increase wildlife habitat (vegetation for food, cover, or nesting)",Total miles of stream treated (instream activities),18010202,OWRI: https://tools.oregonexplorer.info/OE_HtmlViewer/Index.html?viewer=owrt
19325,OWEB,NA,NA,2015,complete,NA,NA,Instream,NA,Klamath,increase storage capacity of wetland,Total miles of stream treated (instream activities),18010202,OWRI: https://tools.oregonexplorer.info/OE_HtmlViewer/Index.html?viewer=owrt
19325,OWEB,NA,NA,2015,complete,NA,NA,Instream,NA,Klamath,increase net area of wetland,Total miles of stream treated (instream activities),18010202,OWRI: https://tools.oregonexplorer.info/OE_HtmlViewer/Index.html?viewer=owrt
19325,OWEB,NA,NA,2015,complete,NA,NA,Instream,NA,Klamath,increase wetland connection to adjacent natural area,Total miles of stream treated (instream activities),18010202,OWRI: https://tools.oregonexplorer.info/OE_HtmlViewer/Index.html?viewer=owrt
19325,OWEB,NA,NA,2015,complete,NA,NA,Instream,NA,Klamath,increase native plant species composition,Total miles of stream treated (instream activities),18010202,OWRI: https://tools.oregonexplorer.info/OE_HtmlViewer/Index.html?viewer=owrt
19325,OWEB,NA,NA,2015,complete,NA,NA,Instream,NA,Klamath,increase/improve groundwater recharge,Total miles of stream treated (instream activities),18010202,OWRI: https://tools.oregonexplorer.info/OE_HtmlViewer/Index.html?viewer=owrt
19325,OWEB,NA,NA,2015,complete,NA,NA,Instream,NA,Klamath,increase/improve water conservation,Total miles of stream treated (instream activities),18010202,OWRI: https://tools.oregonexplorer.info/OE_HtmlViewer/Index.html?viewer=owrt
19325,OWEB,NA,NA,2015,complete,NA,NA,Instream,NA,Klamath,increase/improve water quality,Total miles of stream treated (instream activities),18010202,OWRI: https://tools.oregonexplorer.info/OE_HtmlViewer/Index.html?viewer=owrt
19325,OWEB,NA,NA,2015,complete,NA,NA,Instream,NA,Klamath,increase/improve aquatic habitat,Total miles of stream treated (instream activities),18010202,OWRI: https://tools.oregonexplorer.info/OE_HtmlViewer/Index.html?viewer=owrt
19325,OWEB,NA,NA,2015,complete,NA,NA,Fish Passage,NA,Klamath,improve/increase stream structure & complexity,Miles of habitat opened- previously inaccessible for both adults and juveniles,18010202,OWRI: https://tools.oregonexplorer.info/OE_HtmlViewer/Index.html?viewer=owrt
19325,OWEB,NA,NA,2015,complete,NA,NA,Fish Passage,NA,Klamath,improve/increase stream interaction with floodplain,Miles of habitat opened- previously inaccessible for both adults and juveniles,18010202,OWRI: https://tools.oregonexplorer.info/OE_HtmlViewer/Index.html?viewer=owrt
19325,OWEB,NA,NA,2015,complete,NA,NA,Fish Passage,NA,Klamath,improve/increase stream flow,Miles of habitat opened- previously inaccessible for both adults and juveniles,18010202,OWRI: https://tools.oregonexplorer.info/OE_HtmlViewer/Index.html?viewer=owrt
19325,OWEB,NA,NA,2015,complete,NA,NA,Fish Passage,NA,Klamath,improve/increase fish passage,Miles of habitat opened- previously inaccessible for both adults and juveniles,18010202,OWRI: https://tools.oregonexplorer.info/OE_HtmlViewer/Index.html?viewer=owrt
19325,OWEB,NA,NA,2015,complete,NA,NA,Fish Passage,NA,Klamath,improve/increase stream summer habitat,Miles of habitat opened- previously inaccessible for both adults and juveniles,18010202,OWRI: https://tools.oregonexplorer.info/OE_HtmlViewer/Index.html?viewer=owrt
19325,OWEB,NA,NA,2015,complete,NA,NA,Fish Passage,NA,Klamath,increase future stream shading/increase vegetation to provide shade,Miles of habitat opened- previously inaccessible for both adults and juveniles,18010202,OWRI: https://tools.oregonexplorer.info/OE_HtmlViewer/Index.html?viewer=owrt
19325,OWEB,NA,NA,2015,complete,NA,NA,Fish Passage,NA,Klamath,increase streambank stabilization/protection,Miles of habitat opened- previously inaccessible for both adults and juveniles,18010202,OWRI: https://tools.oregonexplorer.info/OE_HtmlViewer/Index.html?viewer=owrt
19325,OWEB,NA,NA,2015,complete,NA,NA,Fish Passage,NA,Klamath,decrease stream temperature,Miles of habitat opened- previously inaccessible for both adults and juveniles,18010202,OWRI: https://tools.oregonexplorer.info/OE_HtmlViewer/Index.html?viewer=owrt
19325,OWEB,NA,NA,2015,complete,NA,NA,Fish Passage,NA,Klamath,"increase wildlife habitat (vegetation for food, cover, or nesting)",Miles of habitat opened- previously inaccessible for both adults and juveniles,18010202,OWRI: https://tools.oregonexplorer.info/OE_HtmlViewer/Index.html?viewer=owrt
19325,OWEB,NA,NA,2015,complete,NA,NA,Fish Passage,NA,Klamath,increase storage capacity of wetland,Miles of habitat opened- previously inaccessible for both adults and juveniles,18010202,OWRI: https://tools.oregonexplorer.info/OE_HtmlViewer/Index.html?viewer=owrt
19325,OWEB,NA,NA,2015,complete,NA,NA,Fish Passage,NA,Klamath,increase net area of wetland,Miles of habitat opened- previously inaccessible for both adults and juveniles,18010202,OWRI: https://tools.oregonexplorer.info/OE_HtmlViewer/Index.html?viewer=owrt
19325,OWEB,NA,NA,2015,complete,NA,NA,Fish Passage,NA,Klamath,increase wetland connection to adjacent natural area,Miles of habitat opened- previously inaccessible for both adults and juveniles,18010202,OWRI: https://tools.oregonexplorer.info/OE_HtmlViewer/Index.html?viewer=owrt
19325,OWEB,NA,NA,2015,complete,NA,NA,Fish Passage,NA,Klamath,increase native plant species composition,Miles of habitat opened- previously inaccessible for both adults and juveniles,18010202,OWRI: https://tools.oregonexplorer.info/OE_HtmlViewer/Index.html?viewer=owrt
19325,OWEB,NA,NA,2015,complete,NA,NA,Fish Passage,NA,Klamath,increase/improve groundwater recharge,Miles of habitat opened- previously inaccessible for both adults and juveniles,18010202,OWRI: https://tools.oregonexplorer.info/OE_HtmlViewer/Index.html?viewer=owrt
19325,OWEB,NA,NA,2015,complete,NA,NA,Fish Passage,NA,Klamath,increase/improve water conservation,Miles of habitat opened- previously inaccessible for both adults and juveniles,18010202,OWRI: https://tools.oregonexplorer.info/OE_HtmlViewer/Index.html?viewer=owrt
19325,OWEB,NA,NA,2015,complete,NA,NA,Fish Passage,NA,Klamath,increase/improve water quality,Miles of habitat opened- previously inaccessible for both adults and juveniles,18010202,OWRI: https://tools.oregonexplorer.info/OE_HtmlViewer/Index.html?viewer=owrt
19325,OWEB,NA,NA,2015,complete,NA,NA,Fish Passage,NA,Klamath,increase/improve aquatic habitat,Miles of habitat opened- previously inaccessible for both adults and juveniles,18010202,OWRI: https://tools.oregonexplorer.info/OE_HtmlViewer/Index.html?viewer=owrt
19325,OWEB,NA,NA,2015,complete,NA,NA,Fish Passage,NA,Klamath,improve/increase stream structure & complexity,Total miles of fish habitat made accessible by the removal of barriers other than at road/stream cro,18010202,OWRI: https://tools.oregonexplorer.info/OE_HtmlViewer/Index.html?viewer=owrt
19325,OWEB,NA,NA,2015,complete,NA,NA,Fish Passage,NA,Klamath,improve/increase stream interaction with floodplain,Total miles of fish habitat made accessible by the removal of barriers other than at road/stream cro,18010202,OWRI: https://tools.oregonexplorer.info/OE_HtmlViewer/Index.html?viewer=owrt
19325,OWEB,NA,NA,2015,complete,NA,NA,Fish Passage,NA,Klamath,improve/increase stream flow,Total miles of fish habitat made accessible by the removal of barriers other than at road/stream cro,18010202,OWRI: https://tools.oregonexplorer.info/OE_HtmlViewer/Index.html?viewer=owrt
19325,OWEB,NA,NA,2015,complete,NA,NA,Fish Passage,NA,Klamath,improve/increase fish passage,Total miles of fish habitat made accessible by the removal of barriers other than at road/stream cro,18010202,OWRI: https://tools.oregonexplorer.info/OE_HtmlViewer/Index.html?viewer=owrt
19325,OWEB,NA,NA,2015,complete,NA,NA,Fish Passage,NA,Klamath,improve/increase stream summer habitat,Total miles of fish habitat made accessible by the removal of barriers other than at road/stream cro,18010202,OWRI: https://tools.oregonexplorer.info/OE_HtmlViewer/Index.html?viewer=owrt
19325,OWEB,NA,NA,2015,complete,NA,NA,Fish Passage,NA,Klamath,increase future stream shading/increase vegetation to provide shade,Total miles of fish habitat made accessible by the removal of barriers other than at road/stream cro,18010202,OWRI: https://tools.oregonexplorer.info/OE_HtmlViewer/Index.html?viewer=owrt
19325,OWEB,NA,NA,2015,complete,NA,NA,Fish Passage,NA,Klamath,increase streambank stabilization/protection,Total miles of fish habitat made accessible by the removal of barriers other than at road/stream cro,18010202,OWRI: https://tools.oregonexplorer.info/OE_HtmlViewer/Index.html?viewer=owrt
19325,OWEB,NA,NA,2015,complete,NA,NA,Fish Passage,NA,Klamath,decrease stream temperature,Total miles of fish habitat made accessible by the removal of barriers other than at road/stream cro,18010202,OWRI: https://tools.oregonexplorer.info/OE_HtmlViewer/Index.html?viewer=owrt
19325,OWEB,NA,NA,2015,complete,NA,NA,Fish Passage,NA,Klamath,"increase wildlife habitat (vegetation for food, cover, or nesting)",Total miles of fish habitat made accessible by the removal of barriers other than at road/stream cro,18010202,OWRI: https://tools.oregonexplorer.info/OE_HtmlViewer/Index.html?viewer=owrt
19325,OWEB,NA,NA,2015,complete,NA,NA,Fish Passage,NA,Klamath,increase storage capacity of wetland,Total miles of fish habitat made accessible by the removal of barriers other than at road/stream cro,18010202,OWRI: https://tools.oregonexplorer.info/OE_HtmlViewer/Index.html?viewer=owrt
19325,OWEB,NA,NA,2015,complete,NA,NA,Fish Passage,NA,Klamath,increase net area of wetland,Total miles of fish habitat made accessible by the removal of barriers other than at road/stream cro,18010202,OWRI: https://tools.oregonexplorer.info/OE_HtmlViewer/Index.html?viewer=owrt
19325,OWEB,NA,NA,2015,complete,NA,NA,Fish Passage,NA,Klamath,increase wetland connection to adjacent natural area,Total miles of fish habitat made accessible by the removal of barriers other than at road/stream cro,18010202,OWRI: https://tools.oregonexplorer.info/OE_HtmlViewer/Index.html?viewer=owrt
19325,OWEB,NA,NA,2015,complete,NA,NA,Fish Passage,NA,Klamath,increase native plant species composition,Total miles of fish habitat made accessible by the removal of barriers other than at road/stream cro,18010202,OWRI: https://tools.oregonexplorer.info/OE_HtmlViewer/Index.html?viewer=owrt
19325,OWEB,NA,NA,2015,complete,NA,NA,Fish Passage,NA,Klamath,increase/improve groundwater recharge,Total miles of fish habitat made accessible by the removal of barriers other than at road/stream cro,18010202,OWRI: https://tools.oregonexplorer.info/OE_HtmlViewer/Index.html?viewer=owrt
19325,OWEB,NA,NA,2015,complete,NA,NA,Fish Passage,NA,Klamath,increase/improve water conservation,Total miles of fish habitat made accessible by the removal of barriers other than at road/stream cro,18010202,OWRI: https://tools.oregonexplorer.info/OE_HtmlViewer/Index.html?viewer=owrt
19325,OWEB,NA,NA,2015,complete,NA,NA,Fish Passage,NA,Klamath,increase/improve water quality,Total miles of fish habitat made accessible by the removal of barriers other than at road/stream cro,18010202,OWRI: https://tools.oregonexplorer.info/OE_HtmlViewer/Index.html?viewer=owrt
19325,OWEB,NA,NA,2015,complete,NA,NA,Fish Passage,NA,Klamath,increase/improve aquatic habitat,Total miles of fish habitat made accessible by the removal of barriers other than at road/stream cro,18010202,OWRI: https://tools.oregonexplorer.info/OE_HtmlViewer/Index.html?viewer=owrt
19325,OWEB,NA,NA,2015,complete,NA,NA,Fish Passage,NA,Klamath,improve/increase stream structure & complexity,Total number of non-road crossing barriers improved for fish passage,18010202,OWRI: https://tools.oregonexplorer.info/OE_HtmlViewer/Index.html?viewer=owrt
19325,OWEB,NA,NA,2015,complete,NA,NA,Fish Passage,NA,Klamath,improve/increase stream interaction with floodplain,Total number of non-road crossing barriers improved for fish passage,18010202,OWRI: https://tools.oregonexplorer.info/OE_HtmlViewer/Index.html?viewer=owrt
19325,OWEB,NA,NA,2015,complete,NA,NA,Fish Passage,NA,Klamath,improve/increase stream flow,Total number of non-road crossing barriers improved for fish passage,18010202,OWRI: https://tools.oregonexplorer.info/OE_HtmlViewer/Index.html?viewer=owrt
19325,OWEB,NA,NA,2015,complete,NA,NA,Fish Passage,NA,Klamath,improve/increase fish passage,Total number of non-road crossing barriers improved for fish passage,18010202,OWRI: https://tools.oregonexplorer.info/OE_HtmlViewer/Index.html?viewer=owrt
19325,OWEB,NA,NA,2015,complete,NA,NA,Fish Passage,NA,Klamath,improve/increase stream summer habitat,Total number of non-road crossing barriers improved for fish passage,18010202,OWRI: https://tools.oregonexplorer.info/OE_HtmlViewer/Index.html?viewer=owrt
19325,OWEB,NA,NA,2015,complete,NA,NA,Fish Passage,NA,Klamath,increase future stream shading/increase vegetation to provide shade,Total number of non-road crossing barriers improved for fish passage,18010202,OWRI: https://tools.oregonexplorer.info/OE_HtmlViewer/Index.html?viewer=owrt
19325,OWEB,NA,NA,2015,complete,NA,NA,Fish Passage,NA,Klamath,increase streambank stabilization/protection,Total number of non-road crossing barriers improved for fish passage,18010202,OWRI: https://tools.oregonexplorer.info/OE_HtmlViewer/Index.html?viewer=owrt
19325,OWEB,NA,NA,2015,complete,NA,NA,Fish Passage,NA,Klamath,decrease stream temperature,Total number of non-road crossing barriers improved for fish passage,18010202,OWRI: https://tools.oregonexplorer.info/OE_HtmlViewer/Index.html?viewer=owrt
19325,OWEB,NA,NA,2015,complete,NA,NA,Fish Passage,NA,Klamath,"increase wildlife habitat (vegetation for food, cover, or nesting)",Total number of non-road crossing barriers improved for fish passage,18010202,OWRI: https://tools.oregonexplorer.info/OE_HtmlViewer/Index.html?viewer=owrt
19325,OWEB,NA,NA,2015,complete,NA,NA,Fish Passage,NA,Klamath,increase storage capacity of wetland,Total number of non-road crossing barriers improved for fish passage,18010202,OWRI: https://tools.oregonexplorer.info/OE_HtmlViewer/Index.html?viewer=owrt
19325,OWEB,NA,NA,2015,complete,NA,NA,Fish Passage,NA,Klamath,increase net area of wetland,Total number of non-road crossing barriers improved for fish passage,18010202,OWRI: https://tools.oregonexplorer.info/OE_HtmlViewer/Index.html?viewer=owrt
19325,OWEB,NA,NA,2015,complete,NA,NA,Fish Passage,NA,Klamath,increase wetland connection to adjacent natural area,Total number of non-road crossing barriers improved for fish passage,18010202,OWRI: https://tools.oregonexplorer.info/OE_HtmlViewer/Index.html?viewer=owrt
19325,OWEB,NA,NA,2015,complete,NA,NA,Fish Passage,NA,Klamath,increase native plant species composition,Total number of non-road crossing barriers improved for fish passage,18010202,OWRI: https://tools.oregonexplorer.info/OE_HtmlViewer/Index.html?viewer=owrt
19325,OWEB,NA,NA,2015,complete,NA,NA,Fish Passage,NA,Klamath,increase/improve groundwater recharge,Total number of non-road crossing barriers improved for fish passage,18010202,OWRI: https://tools.oregonexplorer.info/OE_HtmlViewer/Index.html?viewer=owrt
19325,OWEB,NA,NA,2015,complete,NA,NA,Fish Passage,NA,Klamath,increase/improve water conservation,Total number of non-road crossing barriers improved for fish passage,18010202,OWRI: https://tools.oregonexplorer.info/OE_HtmlViewer/Index.html?viewer=owrt
19325,OWEB,NA,NA,2015,complete,NA,NA,Fish Passage,NA,Klamath,increase/improve water quality,Total number of non-road crossing barriers improved for fish passage,18010202,OWRI: https://tools.oregonexplorer.info/OE_HtmlViewer/Index.html?viewer=owrt
19325,OWEB,NA,NA,2015,complete,NA,NA,Fish Passage,NA,Klamath,increase/improve aquatic habitat,Total number of non-road crossing barriers improved for fish passage,18010202,OWRI: https://tools.oregonexplorer.info/OE_HtmlViewer/Index.html?viewer=owrt
19325,OWEB,NA,NA,2015,complete,NA,NA,Wetland,NA,Klamath,improve/increase stream structure & complexity,Total acres treated (wetland activities),18010202,OWRI: https://tools.oregonexplorer.info/OE_HtmlViewer/Index.html?viewer=owrt
19325,OWEB,NA,NA,2015,complete,NA,NA,Wetland,NA,Klamath,improve/increase stream interaction with floodplain,Total acres treated (wetland activities),18010202,OWRI: https://tools.oregonexplorer.info/OE_HtmlViewer/Index.html?viewer=owrt
19325,OWEB,NA,NA,2015,complete,NA,NA,Wetland,NA,Klamath,improve/increase stream flow,Total acres treated (wetland activities),18010202,OWRI: https://tools.oregonexplorer.info/OE_HtmlViewer/Index.html?viewer=owrt
19325,OWEB,NA,NA,2015,complete,NA,NA,Wetland,NA,Klamath,improve/increase fish passage,Total acres treated (wetland activities),18010202,OWRI: https://tools.oregonexplorer.info/OE_HtmlViewer/Index.html?viewer=owrt
19325,OWEB,NA,NA,2015,complete,NA,NA,Wetland,NA,Klamath,improve/increase stream summer habitat,Total acres treated (wetland activities),18010202,OWRI: https://tools.oregonexplorer.info/OE_HtmlViewer/Index.html?viewer=owrt
19325,OWEB,NA,NA,2015,complete,NA,NA,Wetland,NA,Klamath,increase future stream shading/increase vegetation to provide shade,Total acres treated (wetland activities),18010202,OWRI: https://tools.oregonexplorer.info/OE_HtmlViewer/Index.html?viewer=owrt
19325,OWEB,NA,NA,2015,complete,NA,NA,Wetland,NA,Klamath,increase streambank stabilization/protection,Total acres treated (wetland activities),18010202,OWRI: https://tools.oregonexplorer.info/OE_HtmlViewer/Index.html?viewer=owrt
19325,OWEB,NA,NA,2015,complete,NA,NA,Wetland,NA,Klamath,decrease stream temperature,Total acres treated (wetland activities),18010202,OWRI: https://tools.oregonexplorer.info/OE_HtmlViewer/Index.html?viewer=owrt
19325,OWEB,NA,NA,2015,complete,NA,NA,Wetland,NA,Klamath,"increase wildlife habitat (vegetation for food, cover, or nesting)",Total acres treated (wetland activities),18010202,OWRI: https://tools.oregonexplorer.info/OE_HtmlViewer/Index.html?viewer=owrt
19325,OWEB,NA,NA,2015,complete,NA,NA,Wetland,NA,Klamath,increase storage capacity of wetland,Total acres treated (wetland activities),18010202,OWRI: https://tools.oregonexplorer.info/OE_HtmlViewer/Index.html?viewer=owrt
19325,OWEB,NA,NA,2015,complete,NA,NA,Wetland,NA,Klamath,increase net area of wetland,Total acres treated (wetland activities),18010202,OWRI: https://tools.oregonexplorer.info/OE_HtmlViewer/Index.html?viewer=owrt
19325,OWEB,NA,NA,2015,complete,NA,NA,Wetland,NA,Klamath,increase wetland connection to adjacent natural area,Total acres treated (wetland activities),18010202,OWRI: https://tools.oregonexplorer.info/OE_HtmlViewer/Index.html?viewer=owrt
19325,OWEB,NA,NA,2015,complete,NA,NA,Wetland,NA,Klamath,increase native plant species composition,Total acres treated (wetland activities),18010202,OWRI: https://tools.oregonexplorer.info/OE_HtmlViewer/Index.html?viewer=owrt
19325,OWEB,NA,NA,2015,complete,NA,NA,Wetland,NA,Klamath,increase/improve groundwater recharge,Total acres treated (wetland activities),18010202,OWRI: https://tools.oregonexplorer.info/OE_HtmlViewer/Index.html?viewer=owrt
19325,OWEB,NA,NA,2015,complete,NA,NA,Wetland,NA,Klamath,increase/improve water conservation,Total acres treated (wetland activities),18010202,OWRI: https://tools.oregonexplorer.info/OE_HtmlViewer/Index.html?viewer=owrt
19325,OWEB,NA,NA,2015,complete,NA,NA,Wetland,NA,Klamath,increase/improve water quality,Total acres treated (wetland activities),18010202,OWRI: https://tools.oregonexplorer.info/OE_HtmlViewer/Index.html?viewer=owrt
19325,OWEB,NA,NA,2015,complete,NA,NA,Wetland,NA,Klamath,increase/improve aquatic habitat,Total acres treated (wetland activities),18010202,OWRI: https://tools.oregonexplorer.info/OE_HtmlViewer/Index.html?viewer=owrt
19348,OWEB,NA,NA,2015,complete,NA,NA,Fish Screening,NA,Klamath,provide fish protection (e.g. by screening diversions),Flow rate of water diverted by screens,18010202,OWRI: https://tools.oregonexplorer.info/OE_HtmlViewer/Index.html?viewer=owrt
19352,OWEB,NA,NA,2015,complete,NA,NA,Instream,NA,Klamath,improve/increase stream structure & complexity,Total miles of stream treated (instream activities),18010203,OWRI: https://tools.oregonexplorer.info/OE_HtmlViewer/Index.html?viewer=owrt
19352,OWEB,NA,NA,2015,complete,NA,NA,Instream,NA,Klamath,improve/increase fish passage,Total miles of stream treated (instream activities),18010203,OWRI: https://tools.oregonexplorer.info/OE_HtmlViewer/Index.html?viewer=owrt
19352,OWEB,NA,NA,2015,complete,NA,NA,Instream,NA,Klamath,improve/increase stream summer habitat,Total miles of stream treated (instream activities),18010203,OWRI: https://tools.oregonexplorer.info/OE_HtmlViewer/Index.html?viewer=owrt
19352,OWEB,NA,NA,2015,complete,NA,NA,Instream,NA,Klamath,improve/increase stream cool water habitat,Total miles of stream treated (instream activities),18010203,OWRI: https://tools.oregonexplorer.info/OE_HtmlViewer/Index.html?viewer=owrt
19352,OWEB,NA,NA,2015,complete,NA,NA,Instream,NA,Klamath,increase future stream shading/increase vegetation to provide shade,Total miles of stream treated (instream activities),18010203,OWRI: https://tools.oregonexplorer.info/OE_HtmlViewer/Index.html?viewer=owrt
19352,OWEB,NA,NA,2015,complete,NA,NA,Instream,NA,Klamath,decrease livestock access to stream,Total miles of stream treated (instream activities),18010203,OWRI: https://tools.oregonexplorer.info/OE_HtmlViewer/Index.html?viewer=owrt
19352,OWEB,NA,NA,2015,complete,NA,NA,Instream,NA,Klamath,increase native plant species composition,Total miles of stream treated (instream activities),18010203,OWRI: https://tools.oregonexplorer.info/OE_HtmlViewer/Index.html?viewer=owrt
19352,OWEB,NA,NA,2015,complete,NA,NA,Instream,NA,Klamath,provide fish protection (e.g. by screening diversions),Total miles of stream treated (instream activities),18010203,OWRI: https://tools.oregonexplorer.info/OE_HtmlViewer/Index.html?viewer=owrt
19352,OWEB,NA,NA,2015,complete,NA,NA,Riparian,NA,Klamath,improve/increase stream structure & complexity,Total linear stream miles treated (riparian activities),18010203,OWRI: https://tools.oregonexplorer.info/OE_HtmlViewer/Index.html?viewer=owrt
19352,OWEB,NA,NA,2015,complete,NA,NA,Riparian,NA,Klamath,improve/increase fish passage,Total linear stream miles treated (riparian activities),18010203,OWRI: https://tools.oregonexplorer.info/OE_HtmlViewer/Index.html?viewer=owrt
19352,OWEB,NA,NA,2015,complete,NA,NA,Riparian,NA,Klamath,improve/increase stream summer habitat,Total linear stream miles treated (riparian activities),18010203,OWRI: https://tools.oregonexplorer.info/OE_HtmlViewer/Index.html?viewer=owrt
19352,OWEB,NA,NA,2015,complete,NA,NA,Riparian,NA,Klamath,improve/increase stream cool water habitat,Total linear stream miles treated (riparian activities),18010203,OWRI: https://tools.oregonexplorer.info/OE_HtmlViewer/Index.html?viewer=owrt
19352,OWEB,NA,NA,2015,complete,NA,NA,Riparian,NA,Klamath,increase future stream shading/increase vegetation to provide shade,Total linear stream miles treated (riparian activities),18010203,OWRI: https://tools.oregonexplorer.info/OE_HtmlViewer/Index.html?viewer=owrt
19352,OWEB,NA,NA,2015,complete,NA,NA,Riparian,NA,Klamath,decrease livestock access to stream,Total linear stream miles treated (riparian activities),18010203,OWRI: https://tools.oregonexplorer.info/OE_HtmlViewer/Index.html?viewer=owrt
19352,OWEB,NA,NA,2015,complete,NA,NA,Riparian,NA,Klamath,increase native plant species composition,Total linear stream miles treated (riparian activities),18010203,OWRI: https://tools.oregonexplorer.info/OE_HtmlViewer/Index.html?viewer=owrt
19352,OWEB,NA,NA,2015,complete,NA,NA,Riparian,NA,Klamath,provide fish protection (e.g. by screening diversions),Total linear stream miles treated (riparian activities),18010203,OWRI: https://tools.oregonexplorer.info/OE_HtmlViewer/Index.html?viewer=owrt
19352,OWEB,NA,NA,2015,complete,NA,NA,Riparian,NA,Klamath,improve/increase stream structure & complexity,Total acres treated (riparian activities),18010203,OWRI: https://tools.oregonexplorer.info/OE_HtmlViewer/Index.html?viewer=owrt
19352,OWEB,NA,NA,2015,complete,NA,NA,Riparian,NA,Klamath,improve/increase fish passage,Total acres treated (riparian activities),18010203,OWRI: https://tools.oregonexplorer.info/OE_HtmlViewer/Index.html?viewer=owrt
19352,OWEB,NA,NA,2015,complete,NA,NA,Riparian,NA,Klamath,improve/increase stream summer habitat,Total acres treated (riparian activities),18010203,OWRI: https://tools.oregonexplorer.info/OE_HtmlViewer/Index.html?viewer=owrt
19352,OWEB,NA,NA,2015,complete,NA,NA,Riparian,NA,Klamath,improve/increase stream cool water habitat,Total acres treated (riparian activities),18010203,OWRI: https://tools.oregonexplorer.info/OE_HtmlViewer/Index.html?viewer=owrt
19352,OWEB,NA,NA,2015,complete,NA,NA,Riparian,NA,Klamath,increase future stream shading/increase vegetation to provide shade,Total acres treated (riparian activities),18010203,OWRI: https://tools.oregonexplorer.info/OE_HtmlViewer/Index.html?viewer=owrt
19352,OWEB,NA,NA,2015,complete,NA,NA,Riparian,NA,Klamath,decrease livestock access to stream,Total acres treated (riparian activities),18010203,OWRI: https://tools.oregonexplorer.info/OE_HtmlViewer/Index.html?viewer=owrt
19352,OWEB,NA,NA,2015,complete,NA,NA,Riparian,NA,Klamath,increase native plant species composition,Total acres treated (riparian activities),18010203,OWRI: https://tools.oregonexplorer.info/OE_HtmlViewer/Index.html?viewer=owrt
19352,OWEB,NA,NA,2015,complete,NA,NA,Riparian,NA,Klamath,provide fish protection (e.g. by screening diversions),Total acres treated (riparian activities),18010203,OWRI: https://tools.oregonexplorer.info/OE_HtmlViewer/Index.html?viewer=owrt
19352,OWEB,NA,NA,2015,complete,NA,NA,Fish Screening,NA,Klamath,improve/increase stream structure & complexity,Flow rate of water diverted by screens,18010203,OWRI: https://tools.oregonexplorer.info/OE_HtmlViewer/Index.html?viewer=owrt
19352,OWEB,NA,NA,2015,complete,NA,NA,Fish Screening,NA,Klamath,improve/increase fish passage,Flow rate of water diverted by screens,18010203,OWRI: https://tools.oregonexplorer.info/OE_HtmlViewer/Index.html?viewer=owrt
19352,OWEB,NA,NA,2015,complete,NA,NA,Fish Screening,NA,Klamath,improve/increase stream summer habitat,Flow rate of water diverted by screens,18010203,OWRI: https://tools.oregonexplorer.info/OE_HtmlViewer/Index.html?viewer=owrt
19352,OWEB,NA,NA,2015,complete,NA,NA,Fish Screening,NA,Klamath,improve/increase stream cool water habitat,Flow rate of water diverted by screens,18010203,OWRI: https://tools.oregonexplorer.info/OE_HtmlViewer/Index.html?viewer=owrt
19352,OWEB,NA,NA,2015,complete,NA,NA,Fish Screening,NA,Klamath,increase future stream shading/increase vegetation to provide shade,Flow rate of water diverted by screens,18010203,OWRI: https://tools.oregonexplorer.info/OE_HtmlViewer/Index.html?viewer=owrt
19352,OWEB,NA,NA,2015,complete,NA,NA,Fish Screening,NA,Klamath,decrease livestock access to stream,Flow rate of water diverted by screens,18010203,OWRI: https://tools.oregonexplorer.info/OE_HtmlViewer/Index.html?viewer=owrt
19352,OWEB,NA,NA,2015,complete,NA,NA,Fish Screening,NA,Klamath,increase native plant species composition,Flow rate of water diverted by screens,18010203,OWRI: https://tools.oregonexplorer.info/OE_HtmlViewer/Index.html?viewer=owrt
19352,OWEB,NA,NA,2015,complete,NA,NA,Fish Screening,NA,Klamath,provide fish protection (e.g. by screening diversions),Flow rate of water diverted by screens,18010203,OWRI: https://tools.oregonexplorer.info/OE_HtmlViewer/Index.html?viewer=owrt
19360,OWEB,NA,NA,2016,complete,NA,NA,Upland,NA,Klamath,improve/increase stream flow,Total acres treated (upland activities),18010204,OWRI: https://tools.oregonexplorer.info/OE_HtmlViewer/Index.html?viewer=owrt
19360,OWEB,NA,NA,2016,complete,NA,NA,Upland,NA,Klamath,decrease erosion/stream sedimentation,Total acres treated (upland activities),18010204,OWRI: https://tools.oregonexplorer.info/OE_HtmlViewer/Index.html?viewer=owrt
19360,OWEB,NA,NA,2016,complete,NA,NA,Upland,NA,Klamath,"increase wildlife habitat (vegetation for food, cover, or nesting)",Total acres treated (upland activities),18010204,OWRI: https://tools.oregonexplorer.info/OE_HtmlViewer/Index.html?viewer=owrt
19360,OWEB,NA,NA,2016,complete,NA,NA,Upland,NA,Klamath,increase upland water storage capacity,Total acres treated (upland activities),18010204,OWRI: https://tools.oregonexplorer.info/OE_HtmlViewer/Index.html?viewer=owrt
19360,OWEB,NA,NA,2016,complete,NA,NA,Upland,NA,Klamath,increase/improve groundwater recharge,Total acres treated (upland activities),18010204,OWRI: https://tools.oregonexplorer.info/OE_HtmlViewer/Index.html?viewer=owrt
19432,OWEB,NA,NA,2015,complete,NA,NA,Instream Flow,NA,Klamath,improve/increase stream flow,Total water flow acquired,18010202,OWRI: https://tools.oregonexplorer.info/OE_HtmlViewer/Index.html?viewer=owrt
19432,OWEB,NA,NA,2015,complete,NA,NA,Instream Flow,NA,Klamath,increase water to stream during low flows,Total water flow acquired,18010202,OWRI: https://tools.oregonexplorer.info/OE_HtmlViewer/Index.html?viewer=owrt
19432,OWEB,NA,NA,2015,complete,NA,NA,Instream Flow,NA,Klamath,improve/increase stream flow,Total stream miles protected for adequate flow,18010202,OWRI: https://tools.oregonexplorer.info/OE_HtmlViewer/Index.html?viewer=owrt
19432,OWEB,NA,NA,2015,complete,NA,NA,Instream Flow,NA,Klamath,increase water to stream during low flows,Total stream miles protected for adequate flow,18010202,OWRI: https://tools.oregonexplorer.info/OE_HtmlViewer/Index.html?viewer=owrt
19433,OWEB,NA,NA,2015,complete,NA,NA,Instream Flow,NA,Klamath,improve/increase stream flow,Total water flow acquired,18010202,OWRI: https://tools.oregonexplorer.info/OE_HtmlViewer/Index.html?viewer=owrt
19433,OWEB,NA,NA,2015,complete,NA,NA,Instream Flow,NA,Klamath,increase water to stream during low flows,Total water flow acquired,18010202,OWRI: https://tools.oregonexplorer.info/OE_HtmlViewer/Index.html?viewer=owrt
19433,OWEB,NA,NA,2015,complete,NA,NA,Instream Flow,NA,Klamath,improve/increase stream flow,Total stream miles protected for adequate flow,18010202,OWRI: https://tools.oregonexplorer.info/OE_HtmlViewer/Index.html?viewer=owrt
19433,OWEB,NA,NA,2015,complete,NA,NA,Instream Flow,NA,Klamath,increase water to stream during low flows,Total stream miles protected for adequate flow,18010202,OWRI: https://tools.oregonexplorer.info/OE_HtmlViewer/Index.html?viewer=owrt
19434,OWEB,NA,NA,2015,complete,NA,NA,Instream Flow,NA,Klamath,improve/increase stream flow,Total water flow acquired,18010202,OWRI: https://tools.oregonexplorer.info/OE_HtmlViewer/Index.html?viewer=owrt
19434,OWEB,NA,NA,2015,complete,NA,NA,Instream Flow,NA,Klamath,increase water to stream during low flows,Total water flow acquired,18010202,OWRI: https://tools.oregonexplorer.info/OE_HtmlViewer/Index.html?viewer=owrt
19434,OWEB,NA,NA,2015,complete,NA,NA,Instream Flow,NA,Klamath,improve/increase stream flow,Total stream miles protected for adequate flow,18010202,OWRI: https://tools.oregonexplorer.info/OE_HtmlViewer/Index.html?viewer=owrt
19434,OWEB,NA,NA,2015,complete,NA,NA,Instream Flow,NA,Klamath,increase water to stream during low flows,Total stream miles protected for adequate flow,18010202,OWRI: https://tools.oregonexplorer.info/OE_HtmlViewer/Index.html?viewer=owrt
19435,OWEB,NA,NA,2015,complete,NA,NA,Instream Flow,NA,Klamath,improve/increase stream flow,Total stream miles protected for adequate flow,18010202,OWRI: https://tools.oregonexplorer.info/OE_HtmlViewer/Index.html?viewer=owrt
19435,OWEB,NA,NA,2015,complete,NA,NA,Instream Flow,NA,Klamath,increase water to stream during low flows,Total stream miles protected for adequate flow,18010202,OWRI: https://tools.oregonexplorer.info/OE_HtmlViewer/Index.html?viewer=owrt
19435,OWEB,NA,NA,2015,complete,NA,NA,Instream Flow,NA,Klamath,improve/increase stream flow,Total water flow acquired,18010202,OWRI: https://tools.oregonexplorer.info/OE_HtmlViewer/Index.html?viewer=owrt
19435,OWEB,NA,NA,2015,complete,NA,NA,Instream Flow,NA,Klamath,increase water to stream during low flows,Total water flow acquired,18010202,OWRI: https://tools.oregonexplorer.info/OE_HtmlViewer/Index.html?viewer=owrt
19436,OWEB,NA,NA,2015,complete,NA,NA,Instream Flow,NA,Klamath,improve/increase stream flow,Total water flow acquired,18010203,OWRI: https://tools.oregonexplorer.info/OE_HtmlViewer/Index.html?viewer=owrt
19436,OWEB,NA,NA,2015,complete,NA,NA,Instream Flow,NA,Klamath,improve/increase stream flow,Total stream miles protected for adequate flow,18010203,OWRI: https://tools.oregonexplorer.info/OE_HtmlViewer/Index.html?viewer=owrt
19437,OWEB,NA,NA,2015,complete,NA,NA,Instream Flow,NA,Klamath,improve/increase stream flow,Total water flow acquired,18010203,OWRI: https://tools.oregonexplorer.info/OE_HtmlViewer/Index.html?viewer=owrt
19437,OWEB,NA,NA,2015,complete,NA,NA,Instream Flow,NA,Klamath,improve/increase stream flow,Total stream miles protected for adequate flow,18010203,OWRI: https://tools.oregonexplorer.info/OE_HtmlViewer/Index.html?viewer=owrt
19438,OWEB,NA,NA,2015,complete,NA,NA,Instream Flow,NA,Klamath,improve/increase stream flow,Total water flow acquired,18010203,OWRI: https://tools.oregonexplorer.info/OE_HtmlViewer/Index.html?viewer=owrt
19438,OWEB,NA,NA,2015,complete,NA,NA,Instream Flow,NA,Klamath,improve/increase stream flow,Total stream miles protected for adequate flow,18010203,OWRI: https://tools.oregonexplorer.info/OE_HtmlViewer/Index.html?viewer=owrt
19439,OWEB,NA,NA,2015,complete,NA,NA,Instream Flow,NA,Klamath,improve/increase stream flow,Total water flow acquired,18010203,OWRI: https://tools.oregonexplorer.info/OE_HtmlViewer/Index.html?viewer=owrt
19439,OWEB,NA,NA,2015,complete,NA,NA,Instream Flow,NA,Klamath,improve/increase stream flow,Total stream miles protected for adequate flow,18010203,OWRI: https://tools.oregonexplorer.info/OE_HtmlViewer/Index.html?viewer=owrt
19440,OWEB,NA,NA,2015,complete,NA,NA,Instream Flow,NA,Klamath,improve/increase stream interaction with floodplain,Total water flow acquired,18010202,OWRI: https://tools.oregonexplorer.info/OE_HtmlViewer/Index.html?viewer=owrt
19440,OWEB,NA,NA,2015,complete,NA,NA,Instream Flow,NA,Klamath,improve/increase stream flow,Total water flow acquired,18010202,OWRI: https://tools.oregonexplorer.info/OE_HtmlViewer/Index.html?viewer=owrt
19440,OWEB,NA,NA,2015,complete,NA,NA,Instream Flow,NA,Klamath,improve/increase fish passage,Total water flow acquired,18010202,OWRI: https://tools.oregonexplorer.info/OE_HtmlViewer/Index.html?viewer=owrt
19440,OWEB,NA,NA,2015,complete,NA,NA,Instream Flow,NA,Klamath,improve/increase stream spawning habitat,Total water flow acquired,18010202,OWRI: https://tools.oregonexplorer.info/OE_HtmlViewer/Index.html?viewer=owrt
19440,OWEB,NA,NA,2015,complete,NA,NA,Instream Flow,NA,Klamath,improve/increase stream rearing habitat,Total water flow acquired,18010202,OWRI: https://tools.oregonexplorer.info/OE_HtmlViewer/Index.html?viewer=owrt
19440,OWEB,NA,NA,2015,complete,NA,NA,Instream Flow,NA,Klamath,improve/increase stream cool water habitat,Total water flow acquired,18010202,OWRI: https://tools.oregonexplorer.info/OE_HtmlViewer/Index.html?viewer=owrt
19440,OWEB,NA,NA,2015,complete,NA,NA,Instream Flow,NA,Klamath,improve/increase stream interaction with floodplain,Total stream miles protected for adequate flow,18010202,OWRI: https://tools.oregonexplorer.info/OE_HtmlViewer/Index.html?viewer=owrt
19440,OWEB,NA,NA,2015,complete,NA,NA,Instream Flow,NA,Klamath,improve/increase stream flow,Total stream miles protected for adequate flow,18010202,OWRI: https://tools.oregonexplorer.info/OE_HtmlViewer/Index.html?viewer=owrt
19440,OWEB,NA,NA,2015,complete,NA,NA,Instream Flow,NA,Klamath,improve/increase fish passage,Total stream miles protected for adequate flow,18010202,OWRI: https://tools.oregonexplorer.info/OE_HtmlViewer/Index.html?viewer=owrt
19440,OWEB,NA,NA,2015,complete,NA,NA,Instream Flow,NA,Klamath,improve/increase stream spawning habitat,Total stream miles protected for adequate flow,18010202,OWRI: https://tools.oregonexplorer.info/OE_HtmlViewer/Index.html?viewer=owrt
19440,OWEB,NA,NA,2015,complete,NA,NA,Instream Flow,NA,Klamath,improve/increase stream rearing habitat,Total stream miles protected for adequate flow,18010202,OWRI: https://tools.oregonexplorer.info/OE_HtmlViewer/Index.html?viewer=owrt
19440,OWEB,NA,NA,2015,complete,NA,NA,Instream Flow,NA,Klamath,improve/increase stream cool water habitat,Total stream miles protected for adequate flow,18010202,OWRI: https://tools.oregonexplorer.info/OE_HtmlViewer/Index.html?viewer=owrt
19560,OWEB,NA,NA,2016,complete,NA,NA,Upland,NA,Klamath,increase streambank stabilization/protection,Total acres treated (upland activities),18010202,OWRI: https://tools.oregonexplorer.info/OE_HtmlViewer/Index.html?viewer=owrt
19560,OWEB,NA,NA,2016,complete,NA,NA,Upland,NA,Klamath,decrease erosion/stream sedimentation,Total acres treated (upland activities),18010202,OWRI: https://tools.oregonexplorer.info/OE_HtmlViewer/Index.html?viewer=owrt
19560,OWEB,NA,NA,2016,complete,NA,NA,Upland,NA,Klamath,decrease stream temperature,Total acres treated (upland activities),18010202,OWRI: https://tools.oregonexplorer.info/OE_HtmlViewer/Index.html?viewer=owrt
19560,OWEB,NA,NA,2016,complete,NA,NA,Upland,NA,Klamath,"increase wildlife habitat (vegetation for food, cover, or nesting)",Total acres treated (upland activities),18010202,OWRI: https://tools.oregonexplorer.info/OE_HtmlViewer/Index.html?viewer=owrt
19560,OWEB,NA,NA,2016,complete,NA,NA,Upland,NA,Klamath,decrease livestock access to stream,Total acres treated (upland activities),18010202,OWRI: https://tools.oregonexplorer.info/OE_HtmlViewer/Index.html?viewer=owrt
19560,OWEB,NA,NA,2016,complete,NA,NA,Upland,NA,Klamath,increase vegetation to filter runoff,Total acres treated (upland activities),18010202,OWRI: https://tools.oregonexplorer.info/OE_HtmlViewer/Index.html?viewer=owrt
19560,OWEB,NA,NA,2016,complete,NA,NA,Upland,NA,Klamath,increase/improve water quality,Total acres treated (upland activities),18010202,OWRI: https://tools.oregonexplorer.info/OE_HtmlViewer/Index.html?viewer=owrt
19560,OWEB,NA,NA,2016,complete,NA,NA,Upland,NA,Klamath,increase/improve aquatic habitat,Total acres treated (upland activities),18010202,OWRI: https://tools.oregonexplorer.info/OE_HtmlViewer/Index.html?viewer=owrt
19561,OWEB,NA,NA,2017,complete,NA,NA,Upland,NA,Klamath,decrease erosion/stream sedimentation,Total acres treated (upland activities),18010204,OWRI: https://tools.oregonexplorer.info/OE_HtmlViewer/Index.html?viewer=owrt
19561,OWEB,NA,NA,2017,complete,NA,NA,Upland,NA,Klamath,decrease stream temperature,Total acres treated (upland activities),18010204,OWRI: https://tools.oregonexplorer.info/OE_HtmlViewer/Index.html?viewer=owrt
19561,OWEB,NA,NA,2017,complete,NA,NA,Upland,NA,Klamath,decrease livestock access to stream,Total acres treated (upland activities),18010204,OWRI: https://tools.oregonexplorer.info/OE_HtmlViewer/Index.html?viewer=owrt
19561,OWEB,NA,NA,2017,complete,NA,NA,Upland,NA,Klamath,increase water to stream during low flows,Total acres treated (upland activities),18010204,OWRI: https://tools.oregonexplorer.info/OE_HtmlViewer/Index.html?viewer=owrt
19561,OWEB,NA,NA,2017,complete,NA,NA,Upland,NA,Klamath,increase/improve water quality,Total acres treated (upland activities),18010204,OWRI: https://tools.oregonexplorer.info/OE_HtmlViewer/Index.html?viewer=owrt
19583,OWEB,NA,NA,2016,complete,NA,NA,Upland,NA,Klamath,decrease erosion/stream sedimentation,Total acres treated (upland activities),18010203,OWRI: https://tools.oregonexplorer.info/OE_HtmlViewer/Index.html?viewer=owrt
19583,OWEB,NA,NA,2016,complete,NA,NA,Upland,NA,Klamath,"increase upslope stability (soil, road)",Total acres treated (upland activities),18010203,OWRI: https://tools.oregonexplorer.info/OE_HtmlViewer/Index.html?viewer=owrt
19583,OWEB,NA,NA,2016,complete,NA,NA,Upland,NA,Klamath,decrease livestock access to stream,Total acres treated (upland activities),18010203,OWRI: https://tools.oregonexplorer.info/OE_HtmlViewer/Index.html?viewer=owrt
19583,OWEB,NA,NA,2016,complete,NA,NA,Upland,NA,Klamath,increase/improve water quality,Total acres treated (upland activities),18010203,OWRI: https://tools.oregonexplorer.info/OE_HtmlViewer/Index.html?viewer=owrt
19604,OWEB,NA,NA,2016,complete,NA,NA,Upland,NA,Klamath,NA,Total acres treated (upland activities),18010202,OWRI: https://tools.oregonexplorer.info/OE_HtmlViewer/Index.html?viewer=owrt
19724,OWEB,NA,NA,2017,complete,NA,NA,Instream,NA,Klamath,NA,Total miles of stream treated (instream activities),18010203,OWRI: https://tools.oregonexplorer.info/OE_HtmlViewer/Index.html?viewer=owrt
19724,OWEB,NA,NA,2017,complete,NA,NA,Instream,NA,Klamath,NA,Total number of pools expected to be created by channel structure placement treatments,18010203,OWRI: https://tools.oregonexplorer.info/OE_HtmlViewer/Index.html?viewer=owrt
19724,OWEB,NA,NA,2017,complete,NA,NA,Instream,NA,Klamath,NA,Total number of habitat structures placed in channel,18010203,OWRI: https://tools.oregonexplorer.info/OE_HtmlViewer/Index.html?viewer=owrt
19724,OWEB,NA,NA,2017,complete,NA,NA,Riparian,NA,Klamath,NA,Total linear stream miles treated (riparian activities),18010203,OWRI: https://tools.oregonexplorer.info/OE_HtmlViewer/Index.html?viewer=owrt
19724,OWEB,NA,NA,2017,complete,NA,NA,Riparian,NA,Klamath,NA,Total acres treated (riparian activities),18010203,OWRI: https://tools.oregonexplorer.info/OE_HtmlViewer/Index.html?viewer=owrt
19942,OWEB,NA,NA,2018,complete,NA,NA,Upland,NA,Klamath,NA,Total acres treated (upland activities),18010204,OWRI: https://tools.oregonexplorer.info/OE_HtmlViewer/Index.html?viewer=owrt
19944,OWEB,NA,NA,2018,complete,NA,NA,Upland,NA,Klamath,NA,Total acres treated (upland activities),18010204,OWRI: https://tools.oregonexplorer.info/OE_HtmlViewer/Index.html?viewer=owrt
19266,OWEB,NA,NA,2016,complete,NA,NA,Upland,NA,Klamath,NA,Total acres treated (upland activities),18010204,OWRI: https://tools.oregonexplorer.info/OE_HtmlViewer/Index.html?viewer=owrt
20149,OWEB,NA,NA,2015,complete,NA,NA,Fish Screening,NA,Klamath,NA,Flow rate of water diverted by screens,18010202,OWRI: https://tools.oregonexplorer.info/OE_HtmlViewer/Index.html?viewer=owrt
20150,OWEB,NA,NA,2016,complete,NA,NA,Fish Screening,NA,Klamath,NA,Flow rate of water diverted by screens,18010202,OWRI: https://tools.oregonexplorer.info/OE_HtmlViewer/Index.html?viewer=owrt
20271,OWEB,NA,NA,2018,complete,NA,NA,Upland,NA,Klamath,NA,Total acres treated (upland activities),18010204,OWRI: https://tools.oregonexplorer.info/OE_HtmlViewer/Index.html?viewer=owrt
20290,OWEB,NA,NA,2017,complete,NA,NA,Fish Screening,NA,Klamath,NA,Flow rate of water diverted by screens,18010203,OWRI: https://tools.oregonexplorer.info/OE_HtmlViewer/Index.html?viewer=owrt
20306,OWEB,NA,NA,2018,complete,NA,NA,Upland,NA,Klamath,NA,Total acres treated (upland activities),18010203,OWRI: https://tools.oregonexplorer.info/OE_HtmlViewer/Index.html?viewer=owrt
20315,OWEB,NA,NA,2018,complete,NA,NA,Upland,NA,Klamath,NA,Total acres treated (upland activities),18010204,OWRI: https://tools.oregonexplorer.info/OE_HtmlViewer/Index.html?viewer=owrt
20309,OWEB,NA,NA,2018,complete,NA,NA,Fish Passage,NA,Klamath,NA,Total number of road/stream crossings improved for fish passage,18010202,OWRI: https://tools.oregonexplorer.info/OE_HtmlViewer/Index.html?viewer=owrt
20309,OWEB,NA,NA,2018,complete,NA,NA,Fish Passage,NA,Klamath,NA,"Miles of habitat opened- previously inaccessible for juveniles, accessible for adults",18010202,OWRI: https://tools.oregonexplorer.info/OE_HtmlViewer/Index.html?viewer=owrt
20309,OWEB,NA,NA,2018,complete,NA,NA,Fish Passage,NA,Klamath,NA,Total miles of fish habitat made accessible due to road/stream crossing improvements (e.g. improveme,18010202,OWRI: https://tools.oregonexplorer.info/OE_HtmlViewer/Index.html?viewer=owrt
20525,OWEB,NA,NA,2017,complete,NA,NA,Fish Passage,NA,Klamath,NA,Miles of habitat opened- previously inaccessible for both adults and juveniles,18010203,OWRI: https://tools.oregonexplorer.info/OE_HtmlViewer/Index.html?viewer=owrt
20525,OWEB,NA,NA,2017,complete,NA,NA,Fish Passage,NA,Klamath,NA,Total miles of fish habitat made accessible by the removal of barriers other than at road/stream cro,18010203,OWRI: https://tools.oregonexplorer.info/OE_HtmlViewer/Index.html?viewer=owrt
20525,OWEB,NA,NA,2017,complete,NA,NA,Fish Passage,NA,Klamath,NA,Total number of non-road crossing barriers improved for fish passage,18010203,OWRI: https://tools.oregonexplorer.info/OE_HtmlViewer/Index.html?viewer=owrt
20525,OWEB,NA,NA,2017,complete,NA,NA,Fish Screening,NA,Klamath,NA,Flow rate of water diverted by screens,18010203,OWRI: https://tools.oregonexplorer.info/OE_HtmlViewer/Index.html?viewer=owrt
20544,OWEB,NA,NA,2018,complete,NA,NA,Instream,NA,Klamath,NA,Total number of pools expected to be created by channel structure placement treatments,18010201,OWRI: https://tools.oregonexplorer.info/OE_HtmlViewer/Index.html?viewer=owrt
20544,OWEB,NA,NA,2018,complete,NA,NA,Instream,NA,Klamath,NA,Total number of habitat structures placed in channel,18010201,OWRI: https://tools.oregonexplorer.info/OE_HtmlViewer/Index.html?viewer=owrt
20544,OWEB,NA,NA,2018,complete,NA,NA,Instream,NA,Klamath,NA,Total miles of stream treated (instream activities),18010201,OWRI: https://tools.oregonexplorer.info/OE_HtmlViewer/Index.html?viewer=owrt
20585,OWEB,NA,NA,2019,complete,NA,NA,Upland,NA,Klamath,NA,Total acres treated (upland activities),18010206,OWRI: https://tools.oregonexplorer.info/OE_HtmlViewer/Index.html?viewer=owrt
20627,OWEB,NA,NA,2018,complete,NA,NA,Riparian,NA,Klamath,NA,Total linear stream miles treated (riparian activities),18010204,OWRI: https://tools.oregonexplorer.info/OE_HtmlViewer/Index.html?viewer=owrt
20627,OWEB,NA,NA,2018,complete,NA,NA,Riparian,NA,Klamath,NA,Total acres treated (riparian activities),18010204,OWRI: https://tools.oregonexplorer.info/OE_HtmlViewer/Index.html?viewer=owrt
20629,OWEB,NA,NA,2018,complete,NA,NA,Riparian,NA,Klamath,NA,Total linear stream miles treated (riparian activities),18010203,OWRI: https://tools.oregonexplorer.info/OE_HtmlViewer/Index.html?viewer=owrt
20629,OWEB,NA,NA,2018,complete,NA,NA,Riparian,NA,Klamath,NA,Total acres treated (riparian activities),18010203,OWRI: https://tools.oregonexplorer.info/OE_HtmlViewer/Index.html?viewer=owrt
20732,OWEB,NA,NA,2018,complete,NA,NA,Instream,NA,Klamath,NA,Total miles of stream treated (instream activities),18010202,OWRI: https://tools.oregonexplorer.info/OE_HtmlViewer/Index.html?viewer=owrt
20732,OWEB,NA,NA,2018,complete,NA,NA,Instream,NA,Klamath,NA,Total number of pools expected to be created by channel structure placement treatments,18010202,OWRI: https://tools.oregonexplorer.info/OE_HtmlViewer/Index.html?viewer=owrt
20732,OWEB,NA,NA,2018,complete,NA,NA,Instream,NA,Klamath,NA,Total number of habitat structures placed in channel,18010202,OWRI: https://tools.oregonexplorer.info/OE_HtmlViewer/Index.html?viewer=owrt
20738,OWEB,NA,NA,2019,complete,NA,NA,Upland,NA,Klamath,NA,Total acres treated (upland activities),18010206,OWRI: https://tools.oregonexplorer.info/OE_HtmlViewer/Index.html?viewer=owrt
20952,OWEB,NA,NA,2017,complete,NA,NA,Riparian,NA,Klamath,NA,Total linear stream miles treated (riparian activities),18010202,OWRI: https://tools.oregonexplorer.info/OE_HtmlViewer/Index.html?viewer=owrt
20952,OWEB,NA,NA,2017,complete,NA,NA,Riparian,NA,Klamath,NA,Total acres treated (riparian activities),18010202,OWRI: https://tools.oregonexplorer.info/OE_HtmlViewer/Index.html?viewer=owrt
22265,OWEB,NA,NA,2018,complete,NA,NA,Upland,NA,Klamath,NA,Total acres treated (upland activities),18010202,OWRI: https://tools.oregonexplorer.info/OE_HtmlViewer/Index.html?viewer=owrt
22418,OWEB,NA,NA,2018,complete,NA,NA,Fish Screening,NA,Klamath,NA,Flow rate of water diverted by screens,18010202,OWRI: https://tools.oregonexplorer.info/OE_HtmlViewer/Index.html?viewer=owrt
22461,OWEB,NA,NA,2016,complete,NA,NA,Instream Flow,NA,Klamath,NA,Total water flow acquired,18010203,OWRI: https://tools.oregonexplorer.info/OE_HtmlViewer/Index.html?viewer=owrt
22461,OWEB,NA,NA,2016,complete,NA,NA,Instream Flow,NA,Klamath,NA,Total stream miles protected for adequate flow,18010203,OWRI: https://tools.oregonexplorer.info/OE_HtmlViewer/Index.html?viewer=owrt
22458,OWEB,NA,NA,2020,complete,NA,NA,NA,NA,Klamath,NA,NA,18010204,OWRI: https://tools.oregonexplorer.info/OE_HtmlViewer/Index.html?viewer=owrt
22744,OWEB,NA,NA,2020,complete,NA,NA,Upland,NA,Klamath,NA,Total acres treated (upland activities),18010204,OWRI: https://tools.oregonexplorer.info/OE_HtmlViewer/Index.html?viewer=owrt
22826,OWEB,NA,NA,2020,complete,NA,NA,Upland,NA,Klamath,NA,Total acres treated (upland activities),18010206,OWRI: https://tools.oregonexplorer.info/OE_HtmlViewer/Index.html?viewer=owrt
22863,OWEB,NA,NA,2017,complete,NA,NA,Fish Passage,NA,Klamath,NA,Miles of habitat previously accessible for adults and juveniles- access improved,18010203,OWRI: https://tools.oregonexplorer.info/OE_HtmlViewer/Index.html?viewer=owrt
22863,OWEB,NA,NA,2017,complete,NA,NA,Fish Passage,NA,Klamath,NA,Total miles of fish habitat made accessible by the removal of barriers other than at road/stream cro,18010203,OWRI: https://tools.oregonexplorer.info/OE_HtmlViewer/Index.html?viewer=owrt
22863,OWEB,NA,NA,2017,complete,NA,NA,Fish Passage,NA,Klamath,NA,Total number of non-road crossing barriers improved for fish passage,18010203,OWRI: https://tools.oregonexplorer.info/OE_HtmlViewer/Index.html?viewer=owrt
22863,OWEB,NA,NA,2017,complete,NA,NA,Fish Screening,NA,Klamath,NA,Flow rate of water diverted by screens,18010203,OWRI: https://tools.oregonexplorer.info/OE_HtmlViewer/Index.html?viewer=owrt
22879,OWEB,NA,NA,2019,complete,NA,NA,Fish Screening,NA,Klamath,NA,Flow rate of water diverted by screens,18010203,OWRI: https://tools.oregonexplorer.info/OE_HtmlViewer/Index.html?viewer=owrt
22926,OWEB,NA,NA,2020,complete,NA,NA,Upland,NA,Klamath,NA,Total acres treated (upland activities),18010204,OWRI: https://tools.oregonexplorer.info/OE_HtmlViewer/Index.html?viewer=owrt
22961,OWEB,NA,NA,2021,complete,NA,NA,Upland,NA,Klamath,NA,Total acres treated (upland activities),18010201,OWRI: https://tools.oregonexplorer.info/OE_HtmlViewer/Index.html?viewer=owrt
23089,OWEB,NA,NA,2021,complete,NA,NA,Upland,NA,Klamath,NA,Total acres treated (upland activities),18010204,OWRI: https://tools.oregonexplorer.info/OE_HtmlViewer/Index.html?viewer=owrt
23138,OWEB,NA,NA,2021,complete,NA,NA,Instream,NA,Klamath,NA,Total miles of stream treated (instream activities),18010203,OWRI: https://tools.oregonexplorer.info/OE_HtmlViewer/Index.html?viewer=owrt
23138,OWEB,NA,NA,2021,complete,NA,NA,Riparian,NA,Klamath,NA,Total linear stream miles treated (riparian activities),18010203,OWRI: https://tools.oregonexplorer.info/OE_HtmlViewer/Index.html?viewer=owrt
23138,OWEB,NA,NA,2021,complete,NA,NA,Riparian,NA,Klamath,NA,Total acres treated (riparian activities),18010203,OWRI: https://tools.oregonexplorer.info/OE_HtmlViewer/Index.html?viewer=owrt
23236,OWEB,NA,NA,2020,complete,NA,NA,Riparian,NA,Klamath,NA,Total linear stream miles treated (riparian activities),18010203,OWRI: https://tools.oregonexplorer.info/OE_HtmlViewer/Index.html?viewer=owrt
23236,OWEB,NA,NA,2020,complete,NA,NA,Riparian,NA,Klamath,NA,Total acres treated (riparian activities),18010203,OWRI: https://tools.oregonexplorer.info/OE_HtmlViewer/Index.html?viewer=owrt
23236,OWEB,NA,NA,2020,complete,NA,NA,Upland,NA,Klamath,NA,Total acres treated (upland activities),18010203,OWRI: https://tools.oregonexplorer.info/OE_HtmlViewer/Index.html?viewer=owrt
23237,OWEB,NA,NA,2020,complete,NA,NA,Riparian,NA,Klamath,NA,Total linear stream miles treated (riparian activities),18010201,OWRI: https://tools.oregonexplorer.info/OE_HtmlViewer/Index.html?viewer=owrt
23237,OWEB,NA,NA,2020,complete,NA,NA,Riparian,NA,Klamath,NA,Total acres treated (riparian activities),18010201,OWRI: https://tools.oregonexplorer.info/OE_HtmlViewer/Index.html?viewer=owrt
